file,original_file,rows,columns,sha256,current_panels,preservation
Fig1/Fig1a_conditional_mixture_complexity.csv,outputs/est_main_figure_balance_v1_46_20260928/plot_data/Fig1/Fig1a_conditional_mixture_complexity.csv,3,regime; matched_events; events_with_at_least_one_reported_pfas; events_with_at_least_two_reported_pfas; multi_pfas_share_among_any_reported_percent,1f869b709419243cfae1465b19c4bc2712a8631419362a61a731260a20e8bbe9,1c,unchanged bytes; every original row retained
Fig1/Fig1a_event_rates.csv,outputs/est_main_figure_balance_v1_46_20260928/plot_data/Fig1/Fig1a_event_rates.csv,3,regime; rate; label; events; matched_events; rate_percent,4ba7e414ee38d297dd941bfe9ea476c3eddf7ba7ad9384ccd95250956efe3aec,1a,unchanged bytes; every original row retained
Fig1/Fig1a_origin_event_rates.csv,outputs/est_main_figure_balance_v1_46_20260928/plot_data/Fig1/Fig1a_origin_event_rates.csv,3,regime; rate; label; events; matched_events; rate_percent; plot_y; display_label; color,b182ff4ac4c8393a5cd464cfb5bf90fca13801771bd9d61e195b96cf4362b659,1a,unchanged bytes; every original row retained
Fig1/Fig1a_pws_labels.csv,outputs/est_main_figure_balance_v1_46_20260928/plot_data/Fig1/Fig1a_pws_labels.csv,3,regime; pws_with_any_multi_pfas_event; matched_pws,7e9912d6eca6e5d60600e26820d7155dd2a264c7d2c48abfc9cfe978e87c9caf,1b,unchanged bytes; every original row retained
Fig1/Fig1b_decomposition.csv,outputs/est_main_figure_balance_v1_46_20260928/plot_data/Fig1/Fig1b_decomposition.csv,3,contrast; estimate_pp; ci95_low_pp; ci95_high_pp; label,bcadd2e52bbdc3e5e8d1e3b54340d062f89d5cd94afb00da8d4aa24c331d87d2,1d,unchanged bytes; every original row retained
Fig1/Fig1b_origin_pws_counts.csv,outputs/est_main_figure_balance_v1_46_20260928/plot_data/Fig1/Fig1b_origin_pws_counts.csv,3,regime; pws_with_any_multi_pfas_event; matched_pws; plot_y; display_label; color,abeeaff8ede628faf64a43d761dc14c001621c988d6d034832767f4e95782527,1b,unchanged bytes; every original row retained
Fig1/Fig1c_origin_conditional_fraction.csv,outputs/est_main_figure_balance_v1_46_20260928/plot_data/Fig1/Fig1c_origin_conditional_fraction.csv,3,regime; matched_events; events_with_at_least_one_reported_pfas; events_with_at_least_two_reported_pfas; multi_pfas_share_among_any_reported_percent; plot_y; display_label; color,eee8bc6cbe2989c33625955c1a9b8f4605e68a47eaa5c877b1edc6cf4cd7615e,1c,unchanged bytes; every original row retained
Fig1/Fig1d_origin_weighted_decomposition.csv,outputs/est_main_figure_balance_v1_46_20260928/plot_data/Fig1/Fig1d_origin_weighted_decomposition.csv,3,contrast; estimate_pp; ci95_low_pp; ci95_high_pp; label; plot_y; error_minus_pp; error_plus_pp; panel; color,1301e955c189b285094042e62a01aa8158082adb7c2cf32431d9cffb1ebc9091,1d,unchanged bytes; every original row retained
Fig2/Fig2a_count_transition.csv,outputs/est_main_figure_balance_v1_46_20260928/plot_data/Fig2/Fig2a_count_transition.csv,15,native_count; old_cutoff_category; events; native_count_total; row_percent,a91af3ee26b6729bebec8e10730c32618306dd7bd45de33affcf709d901fb809,2a,unchanged bytes; every original row retained
Fig2/Fig2a_origin_transition_matrix.csv,outputs/est_main_figure_balance_v1_46_20260928/plot_data/Fig2/Fig2a_origin_transition_matrix.csv,15,native_count; native_total; old_cutoff_category; events; row_percent; matrix_x; matrix_y; is_observed_zero,484e6ae98f35ac35bf0135d2373a954be31b8213e8f2cce56fbb6a0122c8a48d,2a,unchanged bytes; every original row retained
Fig2/Fig2a_origin_transition_totals.csv,outputs/est_main_figure_balance_v1_46_20260928/plot_data/Fig2/Fig2a_origin_transition_totals.csv,3,old_cutoff_category; events; percent_of_829,53ecb8e18bccbe227e12b70932fae5a09658245c902633ab2c9dabe76735510b,2a,unchanged bytes; every original row retained
Fig2/Fig2b_origin_pattern_matrix.csv,outputs/est_main_figure_balance_v1_46_20260928/plot_data/Fig2/Fig2b_origin_pattern_matrix.csv,27,native_rank; native_pattern; native_events; old_cutoff_category; events; row_percent; matrix_x; matrix_y; is_observed_zero,8596c9d58489eb402a83c65bd9cc9825ac677a14b230aca34cacecf6b2da7230,2b,unchanged bytes; every original row retained
Fig2/Fig2b_origin_pattern_membership.csv,outputs/est_main_figure_balance_v1_46_20260928/plot_data/Fig2/Fig2b_origin_pattern_membership.csv,48,native_rank; native_pattern; analyte; reported; matrix_x; matrix_y,7134a1e70656c75860d78a48f4e124cc6f6afe619cfca77fe29a13d1590f5964,2b,unchanged bytes; every original row retained
Fig2/Fig2b_top_pattern_destinations.csv,outputs/est_main_figure_balance_v1_46_20260928/plot_data/Fig2/Fig2b_top_pattern_destinations.csv,27,native_rank; native_pattern; native_events; old_cutoff_category; events,17a669d1bd3d0b51f0be41c17630c87f2715fed6b85325884c22ffbf3108682e,2b,unchanged bytes; every original row retained
Fig2/Fig2c_origin_panel_restriction.csv,outputs/est_main_figure_balance_v1_46_20260928/plot_data/Fig2/Fig2c_origin_panel_restriction.csv,6,minimum_25_count; denominator_events; six_count_group; events; percent; bar_left_percent; plot_y; color,71319cb4cbacc1e8d906236ac92a5fd53c851132411ed7d5a1ea010b1786680a,2c,unchanged bytes; every original row retained
Fig2/figure_2c_origin_wide.csv,outputs/est_main_figure_balance_v1_46_20260928/plot_data/Fig2/figure_2c_origin_wide.csv,2,group; denominator_events; six_none_events; six_none_percent; six_one_events; six_one_percent; six_multiple_events; six_multiple_percent,b1abf84b3f7dbd776ba0346146a00df3295ab259bd25704c5b5740e86c870a75,2c,unchanged bytes; every original row retained
Fig2/figure_2c_source.csv,outputs/est_main_figure_balance_v1_46_20260928/plot_data/Fig2/figure_2c_source.csv,6,minimum_25_count; six_count_group; events; denominator_events; fraction,f54ecf8b6e86cc9b443c5a96bf6099a2dd293b14e21e44c97911d700896b45bc,2c,unchanged bytes; every original row retained
Fig3/Fig3a_panel_expansion.csv,outputs/est_main_figure_balance_v1_46_20260928/plot_data/Fig3/Fig3a_panel_expansion.csv,4,estimand; scheme; metric; source; estimate; ci95_lower; ci95_upper; finite_draws; display_row; plot_x; x_error_minus; x_error_plus; x_condition; rate_percent; lower95_percent; upper95_percent,49bbe24008cbd9209e30de704485ae3620a9e7ad948d14e6443b5db646a2e1f3,3a,unchanged bytes; every original row retained
Fig3/Fig3a_source_rates.csv,outputs/est_main_figure_balance_v1_46_20260928/plot_data/Fig3/Fig3a_source_rates.csv,6,estimand; scheme; metric; source; estimate; ci95_lower; ci95_upper; finite_draws; display_row; plot_x; x_error_minus; x_error_plus,a5ea017110fd532eb4b5ac6aaaab773e063da7b1003a7ec9486e20f6c393d5db,3a,unchanged bytes; every original row retained
Fig3/Fig3b_panel_attribution.csv,outputs/est_main_figure_balance_v1_46_20260928/plot_data/Fig3/Fig3b_panel_attribution.csv,4,analyte_group; members; estimate; ci95_lower; ci95_upper; finite_draws; display_row; plot_x; x_error_minus; x_error_plus,0a3010291cee9f50ebc2a3482164814e8e4eb3423ed89bad1778a9fc6628a431,3b,unchanged bytes; every original row retained
Fig3/Fig3c_reporting_floor.csv,outputs/est_main_figure_balance_v1_46_20260928/plot_data/Fig3/Fig3c_reporting_floor.csv,5,floor_ng_L; estimate_pp; ci_low_pp; ci_high_pp; x_error_minus; x_error_plus; simultaneous_low_pp; simultaneous_high_pp; display_row,c67ca257007894343f040a6df39faf7e59fa691ab5ccdc33437669e48cd044b8,3c,unchanged bytes; every original row retained
Fig3/Fig3d_paired_retention_origin.csv,outputs/est_main_figure_balance_v1_46_20260928/plot_data/Fig3/Fig3d_paired_retention_origin.csv,4,panel; source; source_label; metric; metric_display; strategy; shared_six_cutoffs; samples; estimate_fraction; plot_x_percent; display_percent_2dp; metric_row; source_dodge; origin_plot_y; svg_plot_y; eligible_paired_locations; reference_positive_locations; binary_numerator_locations; weighting; denominator_definition; inference; color_hex; marker,eb96d97c7bbc589a6fbe4e16bd752b998bf1e01f9f0fc15d4ccebea5f23f277e,3d,unchanged bytes; every original row retained
Fig3/Fig3d_paired_support_counts.csv,outputs/est_main_figure_balance_v1_46_20260928/plot_data/Fig3/Fig3d_paired_support_counts.csv,2,source; source_label; eligible_paired_locations; reference_positive_locations; six_panel_label_positive_locations; reference_location_pairs; six_panel_retained_location_pairs; not_plotted_pooled_pair_retention_pct,954f06fb2b206a7097a39c6a6db54c4ce3958dca687474bf7ddaae86a58a873a,3d,unchanged bytes; every original row retained
Fig3/Fig3d_source_subset_coverage.csv,outputs/est_main_figure_balance_v1_46_20260928/plot_data/Fig3/Fig3d_source_subset_coverage.csv,192,subset; strategy; metric; locations; reference_positive_locations; estimate; inference,013dde0a1c616f914a85e09644fe8288e7bacdae9a2d4d9859d09de296db70bc,3d,unchanged bytes; every original row retained
Fig4/Fig4a_absolute_losses.csv,outputs/est_main_figure_balance_v1_46_20260928/plot_data/Fig4/Fig4a_absolute_losses.csv,4,model; count_loss_nats; identity_loss_nats; pattern_loss_nats; source,98cc3855c875a6a410d27e5ce701d3759a29ef2216a6548499663be9ec8b955e,4a,unchanged bytes; every original row retained
Fig4/Fig4b_component_gains.csv,outputs/est_main_figure_balance_v1_46_20260928/plot_data/Fig4/Fig4b_component_gains.csv,6,model; candidate; component; component_label; weighting; gain; ci95_low; ci95_high; error_minus; error_plus; count_share_of_net_gain; interval_method; bootstrap_reps; bootstrap_seed,0d7a0da5b36d123c38ce4702a002974a57e141d2d0275c1ab36e35ce749698c7,4b,unchanged bytes; every original row retained
Fig4/Fig4c_count_distribution.csv,outputs/est_main_figure_balance_v1_46_20260928/plot_data/Fig4/Fig4c_count_distribution.csv,21,reported_pfas_count; distribution; probability; probability_percent,b3a2d2b4cc49370f6aec3e63d403255804d2a6fdcb2d96cd697f3fbef5a5a4a4,4c,unchanged bytes; every original row retained
Fig4/Fig4d_exact_multiple_patterns.csv,outputs/est_main_figure_balance_v1_46_20260928/plot_data/Fig4/Fig4d_exact_multiple_patterns.csv,6,pattern_code; reported_pfas; reported_count; raw_record_occurrences; observed_probability; conditional_independence_probability; shared_shock_probability; absolute_error_conditional_independence; absolute_error_shared_shock; absolute_error_reduction_shared_shock; selection_group; display_order; exact_pattern_label,02b541cce8e110c2d06d93bfb4ee712c023bf26dd82e1569440e4497ddc31531,4d,unchanged bytes; every original row retained
Fig4/Fig4d_pattern_membership.csv,outputs/est_main_figure_balance_v1_46_20260928/plot_data/Fig4/Fig4d_pattern_membership.csv,36,pattern_code; display_order; analyte; reported; matrix_x; matrix_y,1f6db8cc09131d341a90cde08cc5b5e7fd495607e6399ef82a6351a603ccd540,4d,unchanged bytes; every original row retained
Fig5/Fig5a_national_pattern.csv,outputs/est_main_figure_balance_v1_46_20260928/plot_data/Fig5/Fig5a_national_pattern.csv,8,panel; model; x; y; lower; upper; metric; weighting,a2fdeb06ed5ff774131f1cdd5889500ce803c78abbca8739885e871301f41b57,5a,unchanged bytes; every original row retained
Fig5/Fig5b_national_identity.csv,outputs/est_main_figure_balance_v1_46_20260928/plot_data/Fig5/Fig5b_national_identity.csv,16,weighting; role; baseline; candidate; metric; baseline_score; reduction; relative_reduction; ci95_lower; ci95_upper; valid_bootstrap_replicates; comparison_label; comparison_order; model,dbea4f96009c9400457638d1200747e4a3967c0ad513295bec6af6cffad92ac3,5b,unchanged bytes; every original row retained
Fig5/Fig5c_washington_pattern.csv,outputs/est_main_figure_balance_v1_46_20260928/plot_data/Fig5/Fig5c_washington_pattern.csv,6,weighting; name; metric; estimate; ci95_lower; ci95_upper; events; informative_events; valid_bootstrap_replicates,b8499c92aa03439000cd6b3bb4b1efdf8e0cb00f9f83e169d50f43973c4ceb86,5c,unchanged bytes; every original row retained
Fig5/Fig5d_washington_identity.csv,outputs/est_main_figure_balance_v1_46_20260928/plot_data/Fig5/Fig5d_washington_identity.csv,6,weighting; role; baseline; candidate; metric; baseline_score; reduction; relative_reduction; ci95_lower; ci95_upper; valid_bootstrap_replicates; resampling,4c5f017cdd99bc291a2c64b4f1b7dba56e424224eb6d4b1f385cfe4e452c1bcf,5d,unchanged bytes; every original row retained
Fig6/Fig6a_group_rates.csv,outputs/est_main_figure_balance_v1_46_20260928/plot_data/Fig6/Fig6a_group_rates.csv,16,cohort; condition; endpoint; quantity; estimate; lower95; upper95; finite_draws; source_file; source_csv_line; plot_estimate; plot_lower95; plot_upper95; interval_source_columns; panel; row_order; row_label; plot_unit; interval_type,bbd75f66e2c605eb1a4ff50055b37703917872bd6e2f682c0c0dfd152e72cdec,6a,unchanged bytes; every original row retained
Fig6/Fig6b_marginal_bias.csv,outputs/est_main_figure_balance_v1_46_20260928/plot_data/Fig6/Fig6b_marginal_bias.csv,12,endpoint; unit; GW_observed; GW_predicted; GW_bias; GW_bias_lower95; GW_bias_upper95; SW_observed; SW_predicted; SW_bias; SW_bias_lower95; SW_bias_upper95; source_file; source_csv_line; source_category; estimate; lower95; upper95; plot_estimate; plot_lower95; plot_upper95; interval_source_columns; panel; row_order; plot_unit; interval_type,4ff6bca28140d63658004d777ee374b1193ceeb922bbeb8bade54aa123968130,6c,unchanged bytes; every original row retained
Fig6/Fig6b_two_group_bias.csv,outputs/est_main_figure_balance_v1_46_20260928/plot_data/Fig6/Fig6b_two_group_bias.csv,7,condition; figure_key; groundwater_bias_pp; surface_water_bias_pp; signed_contrast_error_pp; absolute_contrast_error_pp; distance_to_origin_pp; distance_to_equal_bias_line_pp; source; inference,06c1879b21a246c2cadcb92721234c52cb05af72d2df5554c2056c2dcc2415f2,6b,unchanged bytes; every original row retained
Fig7/block_national_auxiliary.csv,outputs/est_main_figure_balance_v1_46_20260928/plot_data/Fig7/block_national_auxiliary.csv,9,cohort; resampling; reference; candidate; metric; reference_score; candidate_score; estimate; lower95; upper95; finite_draws; simultaneous_lower95; simultaneous_upper95; simultaneous_family_size; source_file; source_csv_line; plot_estimate; plot_lower95; plot_upper95; interval_source_columns; panel; row_order; row_label; plot_unit; interval_type,60232d1d0b434e12ed61539017c1677751df4aab94debfffc4ae868f7a1b3db0,7a–c / middle block,unchanged bytes; every original row retained
Fig7/block_national_fixed_margins.csv,outputs/est_main_figure_balance_v1_46_20260928/plot_data/Fig7/block_national_fixed_margins.csv,9,cohort; resampling; reference; candidate; metric; reference_score; candidate_score; estimate; lower95; upper95; finite_draws; simultaneous_lower95; simultaneous_upper95; simultaneous_family_size; source_file; source_csv_line; plot_estimate; plot_lower95; plot_upper95; interval_source_columns; panel; row_order; row_label; plot_unit; interval_type,7f58d916e56f735e8b6098eb979d53fdaca20da09fe62b77838568dffc132c06,7a–c / top block,unchanged bytes; every original row retained
Fig7/block_washington_auxiliary.csv,outputs/est_main_figure_balance_v1_46_20260928/plot_data/Fig7/block_washington_auxiliary.csv,18,cohort; resampling; reference; candidate; metric; reference_score; candidate_score; estimate; lower95; upper95; finite_draws; simultaneous_lower95; simultaneous_upper95; simultaneous_family_size; source_file; source_csv_line; plot_estimate; plot_lower95; plot_upper95; interval_source_columns; panel; row_order; row_label; plot_unit; interval_type,ccf852ef23ba94ed9e959e3c6ee723a0b51c0f81462b82614f8f2d640a5c7a8f,7a–c / bottom block,unchanged bytes; every original row retained
S1/robustness.csv,outputs/est_main_figure_balance_v1_46_20260928/plot_data/S1/robustness.csv,10,row_order; group; analysis_or_restriction; subset_key; estimand_key; native_estimate_pp; native_ci95_low_pp; native_ci95_high_pp; native_error_minus; native_error_plus; reclassification_estimate_pp; reclassification_ci95_low_pp; reclassification_ci95_high_pp; reclassification_error_minus; reclassification_error_plus; common_cutoff_estimate_pp; common_cutoff_ci95_low_pp; common_cutoff_ci95_high_pp; common_cutoff_error_minus; common_cutoff_error_plus,1e1aba92ba263e2888cbbaf5e4a59b4cfe51928556ed838763fda1089b53d046,S1a–c,unchanged bytes; every original row retained
S2/collapsed_zero.csv,outputs/est_main_figure_balance_v1_46_20260928/plot_data/S2/collapsed_zero.csv,21,scheme; weighting; metric; alpha; observed; reference_mean; reference_q025; reference_q975; simultaneous_low; simultaneous_high; observed_percent; reference_mean_percent; simultaneous_low_percent; simultaneous_high_percent,20f319102e384f35293dd868b5da1a05317775546a877939f3683ac212d92ae4,S2b,unchanged bytes; every original row retained
S2/retained_multiple.csv,outputs/est_main_figure_balance_v1_46_20260928/plot_data/S2/retained_multiple.csv,21,scheme; weighting; metric; alpha; observed; reference_mean; reference_q025; reference_q975; simultaneous_low; simultaneous_high; observed_percent; reference_mean_percent; simultaneous_low_percent; simultaneous_high_percent,a7e0a82f586f198b73f16477b5ac7570b1b720b180693b4fc01edc70fc8037ee,S2a,unchanged bytes; every original row retained
S3/coverage.csv,outputs/est_main_figure_balance_v1_46_20260928/plot_data/S3/coverage.csv,8,strategy; six_native_limits; expanded_panel; include_next_sample; weighting; metric; estimate; ci95_lower; ci95_upper; locations; reference_positive_locations; reference_location_pairs; captured_positive_locations; captured_location_pairs; finite_bootstrap_replicates; category_order; category_label; series_label; x_estimate; x_error_minus; x_error_plus,3ea04353c4af4f24f60dd9e700eb642997d2074a0b318ae0f0e916853df269be,S3a,unchanged bytes; every original row retained
S3/pair_recurrence.csv,outputs/est_main_figure_balance_v1_46_20260928/plot_data/S3/pair_recurrence.csv,12,pair_or_group; weighting; repeat_report_fraction; ci95_lower; ci95_upper; first_location_pairs; both_location_pairs; category_order; analyte_group; x_estimate; x_error_minus; x_error_plus,e151f508a085ff33a7ad570fd2c66d002e30e48cc42225246f387aed63ad65ef,S3b,unchanged bytes; every original row retained
S4/source_sensitivity.csv,outputs/est_main_figure_balance_v1_46_20260928/plot_data/S4/source_sensitivity.csv,4,weighting; metric; estimate; ci95_lower; ci95_upper; finite_draws; display_row; plot_x; x_error_minus; x_error_plus,8d3c07749d8949da789e1a4c359c88c6e37d1ac4b891ae45a50f6c8b0d1deee7,S4a,unchanged bytes; every original row retained
S5/independence_reference.csv,outputs/est_main_figure_balance_v1_46_20260928/plot_data/S5/independence_reference.csv,15,floor_ng_L; component; estimate_pp; ci95_lower; ci95_upper; finite_draws; x; x_error_minus; x_error_plus,cdbe4238264716c6a49287de64139673ebd5113a403b6d1473e54531f218caca,S5a–b,unchanged bytes; every original row retained
S6/identification_bounds.csv,outputs/est_main_figure_balance_v1_46_20260928/plot_data/S6/identification_bounds.csv,4,panel; lower_endpoint; upper_endpoint; lower_endpoint_ci_low; lower_endpoint_ci_high; upper_endpoint_ci_low; upper_endpoint_ci_high,d6002a153b87d27689f942fe6ff003128be4fd20240b0c76f2c5d3cef89f7f12,S6b,unchanged bytes; every original row retained
S6/quantified_sum.csv,outputs/est_main_figure_balance_v1_46_20260928/plot_data/S6/quantified_sum.csv,4,panel; metric; contrast; estimate; ci95_lower; ci95_upper; finite_draws; x; x_error_minus; x_error_plus,fcc3c476779ef6fdb6aa202ad8a750a01604cc8a02d2aa56925d7b631c8b76e4,S6a,unchanged bytes; every original row retained
S7/threshold_path.csv,outputs/est_main_figure_balance_v1_46_20260928/plot_data/S7/threshold_path.csv,32,comparison; alpha; estimate; pointwise_ci95_low; pointwise_ci95_high; simultaneous_ci95_low; simultaneous_ci95_high; pws; model,e53b41289bd75193f0e399e5b89e0b46345e42b42a5408ee551d042ee5779e3f,S7a,unchanged bytes; every original row retained
S8/national_source_rates.csv,outputs/est_main_figure_balance_v1_46_20260928/plot_data/S8/national_source_rates.csv,16,cohort; condition; endpoint; quantity; estimate; lower95; upper95; finite_draws; row_order; row_label; plot_estimate; plot_lower95; plot_upper95,0cd724c3ab1147d5092b56066845402c2d5176a11f2d3ab815e47cd3252810b7,S8a,unchanged bytes; every original row retained
S8/washington_source_rates.csv,outputs/est_main_figure_balance_v1_46_20260928/plot_data/S8/washington_source_rates.csv,16,cohort; condition; endpoint; quantity; estimate; lower95; upper95; finite_draws; row_order; row_label; plot_estimate; plot_lower95; plot_upper95,020dc1ccf7389e7378f701d9a69378a87b98e9e9edcd1507b99983970755fcb7,S8b,unchanged bytes; every original row retained
