figure,panel,data_files,endpoint,cohort,weighting,threshold,unit,interval_columns_and_meaning,resampling,source_files,notes
1,a,Fig1/Fig1a_event_rates.csv; Fig1/Fig1a_origin_event_rates.csv,At least two of the shared six reported; cycle/threshold summaries,"7,677 administratively matched UCMR 3–5 entry-point pairs; 2,421 PWSs; 57 jurisdictions",Event-equal descriptive fractions,UCMR 3 native; UCMR 5 native; UCMR 5 evaluated at UCMR 3 cutoffs,%,"None; observed counts divided by the same 7,677 pairs",Not used,outputs/est_environmental_use_v1_38_20260927/plot_data/Fig1/Fig1a_event_rates.csv,"Historical Origin file labels are preserved, not authoritative current artwork text."
1,b,Fig1/Fig1a_pws_labels.csv; Fig1/Fig1b_origin_pws_counts.csv,PWSs with at least one multi-PFAS event,"7,677 administratively matched UCMR 3–5 entry-point pairs; 2,421 PWSs; 57 jurisdictions","PWS counts, not weighted event rates",Three cycle/threshold summaries as in 1a,PWS count,None; observed system counts,Not used,outputs/est_environmental_use_v1_38_20260927/plot_data/Fig1/Fig1a_pws_labels.csv,26 / 437 / 10 system counts share the matched cohort.
1,c,Fig1/Fig1a_conditional_mixture_complexity.csv; Fig1/Fig1c_origin_conditional_fraction.csv,Multi-PFAS events among events reporting at least one shared target,"7,677 administratively matched UCMR 3–5 entry-point pairs; 2,421 PWSs; 57 jurisdictions; condition-specific positive denominators 79 / 1,353 / 58",Event-equal conditional fractions,Three cycle/threshold summaries as in 1a,%,None; observed conditional fractions,Not used,outputs/est_environmental_use_v1_38_20260927/plot_data/Fig1/Fig1a_conditional_mixture_complexity.csv,Conditional denominators differ by reporting condition.
1,d,Fig1/Fig1b_decomposition.csv; Fig1/Fig1d_origin_weighted_decomposition.csv,"Native cross-cycle contrast, within-UCMR 5 reclassification, shared-cutoff residual","7,677 administratively matched UCMR 3–5 entry-point pairs; 2,421 PWSs; 57 jurisdictions",Jurisdiction/PWS-equal primary estimand,Native and UCMR 3 numeric cutoffs,percentage points,ci95_low_pp / ci95_high_pp; 95% paired percentile endpoints,"20,000 paired two-level jurisdiction–PWS draws; each resampled jurisdiction copy receives an independent PWS resample; no refitting",outputs/est_environmental_use_v1_38_20260927/plot_data/Fig1/Fig1b_decomposition.csv,These weighted contrasts are not derived by subtracting unweighted 1a percentages.
2,a,Fig2/Fig2a_count_transition.csv; Fig2/Fig2a_origin_transition_matrix.csv; Fig2/Fig2a_origin_transition_totals.csv,"Native K6=2–6 to older-cutoff count 0, 1, or at least 2","829 UCMR 5 native-limit multi-PFAS events within the 7,677 matched pairs",Observed event counts and row percentages,Native versus older UCMR 3 numeric cutoffs,events; % within native-count row,None; counts / row-conditional fractions,Not used,outputs/est_environmental_use_v1_38_20260927/plot_data/Fig2/Fig2a_count_transition.csv,772 / 47 / 10 are the destination totals.
2,b,Fig2/Fig2b_origin_pattern_matrix.csv; Fig2/Fig2b_origin_pattern_membership.csv; Fig2/Fig2b_top_pattern_destinations.csv,Eight most frequent observed exact native multiple-report patterns plus Other; destinations after cutoff raising,Same 829 native multi-report events as 2a,Observed counts and exact-pattern membership,Native versus older UCMR 3 numeric cutoffs,events; %,None,Not used,outputs/est_environmental_use_v1_38_20260927/plot_data/Fig2/Fig2b_top_pattern_destinations.csv,"Exact pattern means every unfilled target is unreported. Matrix order PFBS, PFHpA, PFHxS, PFNA, PFOA, PFOS; historical connector lines are visual grouping only."
2,c,Fig2/Fig2c_origin_panel_restriction.csv; Fig2/figure_2c_origin_wide.csv; Fig2/figure_2c_source.csv,Shared-six count 0 / 1 / >=2 among records positive on the 25-analyte panel,"7,662 matched events with complete same-date, same-SampleID Method 533 panel; denominators 1,711 for K25>=1 and 1,180 for K25>=2",Event-equal conditional composition,Shared analyte limits unchanged when panel expands,events; fraction; %,None plotted; uncertainty belongs to separate source table,Not used in plotted stacked composition,outputs/est_environmental_use_v1_38_20260927/plot_data/Fig2/figure_2c_source.csv,The two reference denominators differ. All CSV rows retained.
3,a,Fig3/Fig3a_panel_expansion.csv; Fig3/Fig3a_source_rates.csv,Source-category multi-PFAS reporting rates for six versus 25 analytes,"20,162 same-record complete Method 533 events; 7,911 PWSs; common source-by-jurisdiction-by-size support; 59 supported jurisdiction-size cells; 34 jurisdictions",Event means within source-by-stratum cells; same pooled-location stratum weights for both source groups,Native limits; shared limits held constant,%,lower95_percent / upper95_percent in derived file; ci95_lower / ci95_upper as probabilities in full source file,"Paired PWS cluster resampling within each fixed jurisdiction; frozen records retained together; 2,000 attempted, 1,994 finite full-frame draws",outputs/est_environmental_use_v1_38_20260927/plot_data/Fig3/Fig3a_source_rates.csv; src/figures_information_v1_45.py,Source-rates file also retains six_old rows not displayed in current 3a. Lines connect only two discrete panel conditions; crossing is not an intermediate panel estimate.
3,b,Fig3/Fig3b_panel_attribution.csv,Shapley contribution of added analytes to panel-induced change in SW-minus-GW contrast,"20,162 same-record complete Method 533 events; 7,911 PWSs; common source-by-jurisdiction-by-size support",Event means within source-by-stratum cells; same pooled-location stratum weights for both source groups,Native limits,percentage points (probability columns also retained),ci95_lower / ci95_upper; pointwise percentile limits,"Paired PWS cluster resampling within each fixed jurisdiction; frozen records retained together; 2,000 attempted, 1,994 finite",outputs/est_environmental_use_v1_38_20260927/plot_data/Fig3/Fig3b_panel_attribution.csv,"PFBA, PFPeA, PFHxA and aggregate Other 16. Aggregate intervals computed jointly, not by summing limits."
3,c,Fig3/Fig3c_reporting_floor.csv,25-minus-six panel change in the standardized SW-minus-GW reporting contrast,"20,162 same-record complete Method 533 events; 7,911 PWSs; common source-by-jurisdiction-by-size support",Event means within source-by-stratum cells; same pooled-location stratum weights for both source groups,"max(native MRL, floor); floor 0 denotes native; 5 / 10 / 20 / 40 ng/L",percentage points,ci_low_pp / ci_high_pp pointwise 95% intervals; simultaneous fields for four positive floors retained but not current main error bars,"Paired PWS cluster resampling within each fixed jurisdiction; frozen records retained together; 2,000 finite supported-cohort draws",outputs/est_environmental_use_v1_38_20260927/plot_data/Fig3/Fig3c_reporting_floor.csv,"Separate bootstrap frame from 3a/b; same population support and estimand, slightly different intervals. Only floors 20 and 40 ng/L exceed all 25 native limits."
3,d,Fig3/Fig3d_paired_retention_origin.csv; Fig3/Fig3d_paired_support_counts.csv; Fig3/Fig3d_source_subset_coverage.csv,Multi-report label and named-pair retention under shared-six panel,"25,756 locations with two complete samples; native 25-panel reference-positive GW=2,393 and SW=1,071 locations",Location-equal descriptive mean within-location retention,Native UCMR 5 limits; two-sample reference,%,None displayed,Not used for this descriptive current panel,outputs/observation_design_20260925; src/figure3_v1_38.py,"Full source-subset table retains all 192 strategy/metric/source rows, not all displayed. Named-pair retention is not pooled retained-pair count divided by all reference pairs."
4,a,Fig4/Fig4a_absolute_losses.csv,Pattern loss decomposed into count plus all-record conditional-identity loss,"21,156 held-out locations; 8,316 PWSs; 56 jurisdictions; 16 queries/location (338,496 scored rows)",Jurisdiction/PWS-equal primary estimand,"Mean over the 16 prespecified internal threshold queries, then apply evaluation weights; not an integral",nats,"No error bars in stacked absolute-loss panel; stored values rounded to six decimals from prior Table S23, now Table S16",Not used in plotted absolute bars,outputs/est_environmental_use_v1_38_20260927/plot_data/Fig4/Fig4a_count_identity_absolute_losses.csv; src/figures_est_v1_35.py,Legacy source field says Table S23. Current supporting table is S16; do not change preserved table numbers inside original CSV.
4,b,Fig4/Fig4b_component_gains.csv,Paired count / conditional-identity loss reduction versus independence,"21,156 held-out locations; 8,316 PWSs; 56 jurisdictions; 16 queries/location (338,496 scored rows)",Jurisdiction/PWS-equal primary estimand,"Mean over the 16 prespecified internal threshold queries, then apply evaluation weights; not an integral",nats,ci95_low / ci95_high; pointwise paired percentile intervals,"20,000 paired two-level jurisdiction–PWS draws; each resampled jurisdiction copy receives an independent PWS resample; no refitting",outputs/est_environmental_use_v1_38_20260927/plot_data/Fig4/Fig4b_gain_decomposition.csv,"All six rows retained, including pattern rows not displayed in current 4b. Identity is all-event loss; counts zero or six contribute zero."
4,c,Fig4/Fig4c_count_distribution.csv,Observed and predicted probability for each count K6=0–6,"21,156 held-out locations; 8,316 PWSs; 56 jurisdictions; 16 queries/location (338,496 scored rows)",Jurisdiction/PWS-equal after within-location threshold average,"Mean over the 16 prespecified internal threshold queries, then apply evaluation weights; not an integral",%,None,Not used in plotted distribution,outputs/est_environmental_use_v1_38_20260927/plot_data/Fig5/Fig5a_count_distribution.csv,Frequency axis is logarithmic. Preserves 21 rows for observed / independence / shared shock.
4,d,Fig4/Fig4d_exact_multiple_patterns.csv; Fig4/Fig4d_pattern_membership.csv,Six frequency-selected exact multiple-report patterns; observed / independence / shared-shock frequencies,"21,156 held-out locations; 8,316 PWSs; 56 jurisdictions; 16 queries/location (338,496 scored rows)",Jurisdiction/PWS-equal after within-location threshold average,"Mean over the 16 prespecified internal threshold queries, then apply evaluation weights; not an integral",probability and % after multiplying by 100,None,Not used in plotted frequencies,outputs/est_environmental_use_v1_38_20260927/plot_data/Fig5/Fig5b_pattern_frequencies.csv; src/figures_information_v1_45.py,"Precise pattern requires all other shared targets unreported; six rows selected by observed frequency, not model improvement. Membership matrix columns equal 2b order."
5,a,Fig5/Fig5a_national_pattern.csv,Absolute complete-pattern log loss under None / Count / Flags / Flags+concentrations auxiliary inputs,"26,423 held-out events; 3,491 informative events with observed K6=1–5",Jurisdiction/PWS-equal; all-event pattern score,Native target limits; auxiliary PFHxA / PFPeA / PFBA native limits,nats,lower / upper; pointwise absolute-loss 95% intervals,"Paired PWS cluster resampling within each fixed jurisdiction; frozen records retained together; 5,000 valid; no model refitting",outputs/auxiliary_followup_20260926/national/metrics.csv,All eight absolute intervals independently source-verified. Linear and nonlinear families only. See provenance/INTERVAL_BASELINE_AUDIT.md for exact values.
5,b,Fig5/Fig5b_national_identity.csv,Within-model paired conditional-identity gain from incrementally adding auxiliary information,"26,423 held-out events; 3,491 informative events with observed K6=1–5",Jurisdiction/PWS-equal conditional on observed K6=1–5; alternative jurisdiction-resampling interval,Native limits,nats,ci95_lower / ci95_upper; reduction point estimate; paired pointwise intervals; weighting column distinguishes resampling schemes,"5,000 paired PWS-within-jurisdiction draws; separate 5,000 jurisdiction-resampling sensitivity",outputs/auxiliary_followup_20260926/national/paired_contrasts.csv; src/report_auxiliary_followup_20260926.py,This informative-event score cannot be subtracted from all-event pattern loss. Four comparisons per model; all 16 rows retained.
5,c,Fig5/Fig5c_washington_pattern.csv,Absolute complete-pattern log loss without / with all three auxiliaries,"1,819 Washington proxy-subset events; 133 informative events with observed K6=1–5",PWS-equal; historical weighting string jurisdiction_pws_equal reduces to PWS-equal in one jurisdiction,Native target and auxiliary limits,nats,ci95_lower / ci95_upper; pointwise absolute-loss 95% intervals,"5,000 PWS cluster draws; frozen predictions",outputs/auxiliary_followup_20260926/washington/current_metadata_proxy/metrics.csv,Logistic source name uses independent; that denotes independent joint composition of logistic target probabilities. All six intervals source-verified.
5,d,Fig5/Fig5d_washington_identity.csv,Paired conditional-identity gain with all three auxiliaries versus none,"1,819 Washington proxy-subset events; 133 informative events with observed K6=1–5",PWS-equal conditional on observed K6=1–5,Native limits,nats,ci95_lower / ci95_upper; reduction point estimate; paired pointwise limits; resampling column gives PWS or county,"5,000 PWS cluster draws and separate 5,000 county-cluster sensitivity; same PWS-equal estimand",outputs/auxiliary_followup_20260926/washington/current_metadata_proxy/paired_contrasts.csv; src/reorganize_result_figures_v1_39.py,"Do not confuse the 1,819-event score support with the 1,818-event common-source support."
6,a,Fig6/Fig6a_group_rates.csv,"Measured, retained-older, and reconstructed source-category K6>=2 rates","15,723 source-supported events; 6,368 distinct PWSs; 51 strata; 29 jurisdictions",Event means within source-by-stratum cells; same pooled-location stratum weights for both source groups,"Native target limits, except retained_old summary",%,plot_lower95 / plot_upper95 as percentages; lower95 / upper95 as probabilities; pointwise rate intervals,"Paired PWS cluster resampling within each fixed jurisdiction; frozen records retained together; 5,000 attempted, 4,998 finite",outputs/marginal_source_diagnostic_20260927/national/source_rates_and_contrasts.csv; outputs/marginal_source_diagnostic_20260927/national/source_bootstrap.npz; outputs/environmental_reconstruction_20260927/national/source_rates_and_contrasts.csv,"All 16 rows for eight conditions retained. Count-prior intervals exist and are verified. Empirical composition is query-wise mask-conditioned location-equal training reference, not coherent reference."
6,b,Fig6/Fig6b_two_group_bias.csv,Two-group bias plane: groundwater predicted-minus-measured on X; surface-water predicted-minus-measured on Y,"15,723 source-supported events; 6,368 distinct PWSs; 51 strata; 29 jurisdictions",Event means within source-by-stratum cells; same pooled-location stratum weights for both source groups,Native limits except retained_old,percentage points,No CI or confidence ellipse; point-estimate geometry,No additional resampling; direct rearrangement of frozen 6a point estimates,Fig6/Fig6a_group_rates.csv; src/figures_information_v1_45.py,Original inference text refers to legacy Tables S52/S56. Current inference remains in source tables; no marginal intervals combined into a joint ellipse. All seven non-measured conditions retained.
6,c,Fig6/Fig6b_marginal_bias.csv,Six target-analyte group marginal biases shared by all fixed-margin models,"15,723 source-supported events; 6,368 distinct PWSs; 51 strata; 29 jurisdictions",Event means within source-by-stratum cells; same pooled-location stratum weights for both source groups,Native limits,percentage points,plot_lower95 / plot_upper95 or lower95 / upper95 according to units; pointwise bias intervals,"Paired PWS cluster resampling within each fixed jurisdiction; frozen records retained together; 4,998 finite",outputs/marginal_source_diagnostic_20260927/marginal_diagnostic.csv; src/marginal_source_diagnostic_20260927.py,Filename preserves old 6b mapping; current panel is 6c. Shared fixed margins imply these marginal biases are identical for independence / shock / Gaussian / count prior.
7,a–c / top block,Fig7/block_national_fixed_margins.csv,Count-conditioned functional-group state loss; PFOA–PFOS and PFHxS–PFOS pair co-report loss allowing other targets,"21,134 native-endpoint aligned national events",Jurisdiction/PWS-equal; all-event conditional chemical scores,Native UCMR 5 numeric limits,nats; displayed as 10^-3 nats,plot_lower95 / plot_upper95 are simultaneous_lower95 / simultaneous_upper95; lower95 / upper95 pointwise limits also retained,"5,000 frozen paired draws; maximum absolute standardized centered deviation across the three prespecified endpoints within each model comparison and resampling scheme; PWS within jurisdiction",outputs/environmental_reconstruction_20260927/national/chemical_paired_contrasts.csv,"Versus independence. Empirical composition uses the query-wise training-mask reference. Actual count is used only to score conditional endpoints, not as model input."
7,a–c / middle block,Fig7/block_national_auxiliary.csv,Count-conditioned functional-group state loss; PFOA–PFOS and PFHxS–PFOS pair co-report loss allowing other targets,"21,134 native-endpoint aligned national events (same aligned chemical-score support as top block)",Jurisdiction/PWS-equal; all-event conditional chemical scores,Native limits,nats; displayed as 10^-3 nats,plot_lower95 / plot_upper95 are simultaneous_lower95 / simultaneous_upper95; lower95 / upper95 pointwise limits also retained,"5,000 frozen paired draws; maximum absolute standardized centered deviation across the three prespecified endpoints within each model comparison and resampling scheme; PWS within jurisdiction",outputs/environmental_reconstruction_20260927/national/chemical_paired_contrasts.csv,"Within each Logistic / Linear / Nonlinear family, full auxiliaries versus none. This aligned support differs from Figure 5 26,423-event auxiliary score cohort. All negative and null results preserved."
7,a–c / bottom block,Fig7/block_washington_auxiliary.csv,Count-conditioned functional-group state loss; PFOA–PFOS and PFHxS–PFOS pair co-report loss allowing other targets,"1,819 Washington proxy-subset events; 133 informative events with observed K6=1–5",PWS-equal; county sensitivity retains PWS-equal estimand,Native limits,nats; displayed as 10^-3 nats,plot_lower95 / plot_upper95 are simultaneous_lower95 / simultaneous_upper95; lower95 / upper95 pointwise limits also retained,"5,000 frozen paired draws; maximum absolute standardized centered deviation across the three prespecified endpoints within each model comparison and resampling scheme; separate PWS and county resampling",outputs/environmental_reconstruction_20260927/washington/chemical_paired_contrasts.csv,Filled markers = PWS resampling; open = county sensitivity. Simultaneous family is not a global adjustment across all models.
S1,a–c,S1/robustness.csv,Native contrast / within-UCMR 5 reclassification / common-cutoff residual under estimands and restrictions,"7,677 administratively matched UCMR 3–5 entry-point pairs; 2,421 PWSs; 57 jurisdictions plus restricted subsets listed in support_tables/S2_restriction_support.csv",Rows specify event-equal / pooled PWS-equal / primary jurisdiction/PWS-equal and restriction keys,Native / older numeric cutoffs,percentage points,*_ci95_low_pp / *_ci95_high_pp; error lengths also retained,"20,000 draws per estimand: jurisdiction-cluster for event-equal; PWS for pooled PWS-equal; independent two-level nesting for primary/restrictions",outputs/est_environmental_use_v1_38_20260927/plot_data/S2/Figure_S2_robustness.csv; outputs/ucmr5_final_20260828_r1/02_cross_cycle/strict_sensitivities/decision.json,Original plotting CSV has no row support columns. Verified support is supplied separately without altering plot CSV; three estimand rows share identifier-matched support.
S2,a,S2/retained_multiple.csv,Fraction of native multi-PFAS events retaining K6>=2 along threshold path,Same 829 matched native multi-report events as Fig2,Event-equal observed fraction; jurisdiction-by-source reassignment reference,"alpha 0..1 in 0.05 increments, native towards older cutoffs",%,"simultaneous_low_percent / simultaneous_high_percent = simultaneous 95% randomized-reference envelope, NOT a sampling CI","2,000 independent-analyte concentration reassignments within jurisdiction-by-water-source strata",outputs/est_environmental_use_v1_38_20260927/plot_data/S8/selective_loss_retained_multiple_origin.csv,Preserves analyte frequencies / retention counts; removes cross-analyte association. Empty envelope endpoint fields intentional.
S2,b,S2/collapsed_zero.csv,Fraction of native multi-PFAS events becoming zero shared reports along cutoff path,Same 829 matched native multi-report events as Fig2,Event-equal; same stratified randomization reference as S2a,alpha 0..1 in 0.05 increments,%,"simultaneous_low_percent / simultaneous_high_percent; reference envelope, NOT bootstrap CI","Same 2,000 randomized reference replicates as S2a",outputs/est_environmental_use_v1_38_20260927/plot_data/S8/selective_loss_collapsed_zero_origin.csv,Band does not establish uncertainty in population prevalence.
S3,a,S3/coverage.csv,Multi-PFAS label and named-pair retention under panel / repeat-sample strategies,"25,756 paired locations; 3,647 positive in the two-sample 25-panel reference; reference within-sample pair union totals 30,627",Location-equal; named-pair endpoint is mean of within-location retained fractions,Native UCMR 5 numeric limits,fraction and %,ci95_lower / ci95_upper; x_error_* are percent error lengths,"Paired PWS cluster resampling within each fixed jurisdiction; frozen records retained together; 2,000 paired draws",outputs/est_environmental_use_v1_38_20260927/plot_data/S10/figure_A_a_coverage_origin.csv,Captured_location_pairs / reference_location_pairs is not the plotted mean-within-location pair retention. Reference =100% by definition.
S3,b,S3/pair_recurrence.csv,First subsequent sample co-reporting given same named pair initially,"25,756 paired locations; pair-specific first-positive denominators stored in CSV",Location-equal within first-positive pair support,Native limits,fraction and %,ci95_lower / ci95_upper; pointwise paired cluster intervals,"Paired PWS cluster resampling within each fixed jurisdiction; frozen records retained together; 2,000 paired draws",outputs/est_environmental_use_v1_38_20260927/plot_data/S10/figure_A_b_recurrence_origin.csv,12 pairs selected by largest first-sample support before recurrence inspection; not a persistence analysis. Other targets may co-report.
S4,a,S4/source_sensitivity.csv,Panel-induced change in standardized SW-minus-GW reporting contrast,"20,162 same-record complete Method 533 events; 7,911 PWSs; common source-by-jurisdiction-by-size support; Texas-excluded subset differs","Primary pooled-location, alternative PWS-equal, jurisdiction-equal, without-Texas rows",Native limits,percentage points,ci95_lower / ci95_upper probabilities; plot_x and x_error_* percentage-point units,"Paired PWS cluster resampling within each fixed jurisdiction; frozen records retained together; row-specific finite_draws: 1,994 / 2,000 / 1,994 / 1,994 of 2,000 attempted",outputs/est_environmental_use_v1_38_20260927/plot_data/S12/E4_source_sensitivity_origin.csv,Positive panel-induced change does not establish a universal positive absolute 25-panel SW-minus-GW difference. Revised S9 supporting table supplies both.
S5,a–b,S5/independence_reference.csv,"Observed panel change, analyte-frequency-preserving independence reference, and paired observed-minus-reference","20,162 same-record complete Method 533 events; 7,911 PWSs; common source-by-jurisdiction-by-size support",Event means within source-by-stratum cells; same pooled-location stratum weights for both source groups,"max(native MRL, floor), floor 0 / 5 / 10 / 20 / 40 ng/L",percentage points,CSV pointwise CI columns; recorded probability / plot units retained,"Paired PWS cluster resampling within each fixed jurisdiction; frozen records retained together; 2,000 attempted, 1,999 finite",outputs/est_four_extensions_v1_30_20260925/environment/independence_panel_contrasts.csv,Reference assumes independent analytes within source-by-jurisdiction-by-size cells; distinct from conditional-independence prediction model.
S6,a,S6/quantified_sum.csv,SW-minus-GW contrast in sum of reported concentrations only,"20,162 same-record complete Method 533 events; 7,911 PWSs; common source-by-jurisdiction-by-size support",Event means within source-by-stratum cells; same pooled-location stratum weights for both source groups,Native limits,ng/L,ci95_lower / ci95_upper; separate pointwise percentile CI for quantified sum,"Paired PWS cluster resampling within each fixed jurisdiction; frozen records retained together; 2,000 attempted, 1,999 finite",outputs/est_four_extensions_v1_30_20260925/environment/targeted_sum_contrast_identification_bounds.csv; outputs/est_four_extensions_v1_30_20260925/environment/environment_bootstrap.npz,"Quantified sum does not include possible below-limit mass. All four groups preserved: shared six, complete 25, added trio, other 16."
S6,b,S6/identification_bounds.csv,Bounds on SW-minus-GW full targeted-sum contrast under admissible unreported concentrations,"20,162 same-record complete Method 533 events; 7,911 PWSs; common source-by-jurisdiction-by-size support",Event means within source-by-stratum cells; same pooled-location stratum weights for both source groups,"Unreported concentration in [0, native MRL)",ng/L,Full bound = lower_endpoint / upper_endpoint; lower_endpoint_ci_low / lower_endpoint_ci_high and upper_endpoint_ci_low / upper_endpoint_ci_high are sampling CIs,"Paired PWS cluster resampling within each fixed jurisdiction; frozen records retained together; 2,000 attempted, 1,999 finite",outputs/est_four_extensions_v1_30_20260925/environment/targeted_sum_contrast_identification_bounds.csv; outputs/est_four_extensions_v1_30_20260925/environment/environment_bootstrap.npz,"Wide region is IDENTIFICATION bounds, not a sampling CI. Each open endpoint has its own narrow pointwise CI. See interval audit for exact replay."
S7,a,S7/threshold_path.csv,Complete-pattern loss reduction relative to conditional independence along cutoff path,"21,156 held-out locations; 8,316 PWSs; 56 jurisdictions; 16 queries/location (338,496 scored rows)",Pooled PWS-equal; unlike main joint summary jurisdictions do not receive equal total weight,16 internal alpha positions recorded in CSV,nats,simultaneous_ci95_low / simultaneous_ci95_high plotted; pointwise_ci95_low / pointwise_ci95_high retained,"20,000 single-level PWS cluster draws; model-specific maximum standardized centered-deviation simultaneous family over 16 queries",outputs/ucmr5_final_20260828_r1/06_final_ml_full/canonical_server_run/comparison/pws_simultaneous_pattern_nll_bands.csv; src/compare_ucmr5_conditional_gaussian_factor.py; src/infer_ucmr5_conditional_joint_models.py,All32 plotting rows match canonical band source exactly. No new alpha0/1 values. Near-old-cutoff contraction is not evidence of weaker environmental dependence.
S8,a,S8/national_source_rates.csv,Measured / older-cutoff / reconstructed group K6>=2 rates with none versus three auxiliaries,"15,723 source-supported events; 6,368 distinct PWSs; 51 strata; 29 jurisdictions",Event means within source-by-stratum cells; same pooled-location stratum weights for both source groups,Native except retained older summary,%,plot_lower95 / plot_upper95 as percentages; lower95 / upper95 probabilities; pointwise,"Paired PWS cluster resampling within each fixed jurisdiction; frozen records retained together; 5,000 attempted, 4,998 finite",outputs/environmental_reconstruction_20260927/national/source_rates_and_contrasts.csv,Source condition independent means logistic marginal family; current figure calls it Logistic. Between model-family blocks do not isolate architecture.
S8,b,S8/washington_source_rates.csv,Measured / older-cutoff / reconstructed group K6>=2 rates with none versus three auxiliaries,"1,818 Washington common-source events; GW=1,776; SW=42",Event means within source-by-stratum cells; same pooled-location stratum weights for both source groups,Native except retained older summary,%,plot_lower95 / plot_upper95 as percentages; lower95 / upper95 probabilities; pointwise,"5,000 PWS cluster draws in one jurisdiction; 5,000 valid",outputs/environmental_reconstruction_20260927/washington/source_rates_and_contrasts.csv,"Observed SW zero interval is empirical-bootstrap support limitation, not proof of zero statewide prevalence. Different support from 1,819-event score cohort."
