native_rank,native_pattern,native_events,old_cutoff_category,events,row_percent,matrix_x,matrix_y,is_observed_zero
1,PFBS+PFHpA+PFHxS+PFOA+PFOS,140,K6 = 0,103,73.57142857142858,5.35,0,False
1,PFBS+PFHpA+PFHxS+PFOA+PFOS,140,K6 = 1,30,21.428571428571427,6.75,0,False
1,PFBS+PFHpA+PFHxS+PFOA+PFOS,140,K6 >= 2,7,5.0,8.15,0,False
2,PFBS+PFOA+PFOS,100,K6 = 0,99,99.0,5.35,1,False
2,PFBS+PFOA+PFOS,100,K6 = 1,1,1.0,6.75,1,False
2,PFBS+PFOA+PFOS,100,K6 >= 2,0,0.0,8.15,1,True
3,PFBS+PFHxS+PFOA+PFOS,74,K6 = 0,68,91.8918918918919,5.35,2,False
3,PFBS+PFHxS+PFOA+PFOS,74,K6 = 1,6,8.108108108108109,6.75,2,False
3,PFBS+PFHxS+PFOA+PFOS,74,K6 >= 2,0,0.0,8.15,2,True
4,PFBS+PFHxS+PFOS,71,K6 = 0,69,97.1830985915493,5.35,3,False
4,PFBS+PFHxS+PFOS,71,K6 = 1,2,2.8169014084507045,6.75,3,False
4,PFBS+PFHxS+PFOS,71,K6 >= 2,0,0.0,8.15,3,True
5,PFHxS+PFOS,68,K6 = 0,68,100.0,5.35,4,False
5,PFHxS+PFOS,68,K6 = 1,0,0.0,6.75,4,True
5,PFHxS+PFOS,68,K6 >= 2,0,0.0,8.15,4,True
6,PFBS+PFOS,55,K6 = 0,55,100.0,5.35,5,False
6,PFBS+PFOS,55,K6 = 1,0,0.0,6.75,5,True
6,PFBS+PFOS,55,K6 >= 2,0,0.0,8.15,5,True
7,PFOA+PFOS,55,K6 = 0,55,100.0,5.35,6,False
7,PFOA+PFOS,55,K6 = 1,0,0.0,6.75,6,True
7,PFOA+PFOS,55,K6 >= 2,0,0.0,8.15,6,True
8,PFHxS+PFOA+PFOS,35,K6 = 0,34,97.14285714285714,5.35,7,False
8,PFHxS+PFOA+PFOS,35,K6 = 1,1,2.857142857142857,6.75,7,False
8,PFHxS+PFOA+PFOS,35,K6 >= 2,0,0.0,8.15,7,True
9,Other native multi-PFAS patterns,231,K6 = 0,221,95.67099567099568,5.35,8,False
9,Other native multi-PFAS patterns,231,K6 = 1,7,3.0303030303030303,6.75,8,False
9,Other native multi-PFAS patterns,231,K6 >= 2,3,1.2987012987012987,8.15,8,False
