native_rank,native_pattern,native_events,old_cutoff_category,events
1,PFBS+PFHpA+PFHxS+PFOA+PFOS,140,K6 = 0,103
1,PFBS+PFHpA+PFHxS+PFOA+PFOS,140,K6 = 1,30
1,PFBS+PFHpA+PFHxS+PFOA+PFOS,140,K6 >= 2,7
2,PFBS+PFOA+PFOS,100,K6 = 0,99
2,PFBS+PFOA+PFOS,100,K6 = 1,1
2,PFBS+PFOA+PFOS,100,K6 >= 2,0
3,PFBS+PFHxS+PFOA+PFOS,74,K6 = 0,68
3,PFBS+PFHxS+PFOA+PFOS,74,K6 = 1,6
3,PFBS+PFHxS+PFOA+PFOS,74,K6 >= 2,0
4,PFBS+PFHxS+PFOS,71,K6 = 0,69
4,PFBS+PFHxS+PFOS,71,K6 = 1,2
4,PFBS+PFHxS+PFOS,71,K6 >= 2,0
5,PFHxS+PFOS,68,K6 = 0,68
5,PFHxS+PFOS,68,K6 = 1,0
5,PFHxS+PFOS,68,K6 >= 2,0
6,PFBS+PFOS,55,K6 = 0,55
6,PFBS+PFOS,55,K6 = 1,0
6,PFBS+PFOS,55,K6 >= 2,0
7,PFOA+PFOS,55,K6 = 0,55
7,PFOA+PFOS,55,K6 = 1,0
7,PFOA+PFOS,55,K6 >= 2,0
8,PFHxS+PFOA+PFOS,35,K6 = 0,34
8,PFHxS+PFOA+PFOS,35,K6 = 1,1
8,PFHxS+PFOA+PFOS,35,K6 >= 2,0
9,Other native multi-PFAS patterns,231,K6 = 0,221
9,Other native multi-PFAS patterns,231,K6 = 1,7
9,Other native multi-PFAS patterns,231,K6 >= 2,3
