native_count,native_total,old_cutoff_category,events,row_percent,matrix_x,matrix_y,is_observed_zero
2,279,K6 = 0,279,100.0,0,0,False
2,279,K6 = 1,0,0.0,1,0,True
2,279,K6 >= 2,0,0.0,2,0,True
3,260,K6 = 0,253,97.3076923076923,0,1,False
3,260,K6 = 1,7,2.6923076923076925,1,1,False
3,260,K6 >= 2,0,0.0,2,1,True
4,141,K6 = 0,131,92.90780141843972,0,2,False
4,141,K6 = 1,8,5.673758865248227,1,2,False
4,141,K6 >= 2,2,1.4184397163120568,2,2,False
5,144,K6 = 0,107,74.30555555555556,0,3,False
5,144,K6 = 1,30,20.833333333333336,1,3,False
5,144,K6 >= 2,7,4.861111111111112,2,3,False
6,5,K6 = 0,2,40.0,0,4,False
6,5,K6 = 1,2,40.0,1,4,False
6,5,K6 >= 2,1,20.0,2,4,False
