native_rank,native_pattern,analyte,reported,matrix_x,matrix_y
1,PFBS+PFHpA+PFHxS+PFOA+PFOS,PFBS,1,0.0,0
1,PFBS+PFHpA+PFHxS+PFOA+PFOS,PFHpA,1,0.75,0
1,PFBS+PFHpA+PFHxS+PFOA+PFOS,PFHxS,1,1.5,0
1,PFBS+PFHpA+PFHxS+PFOA+PFOS,PFNA,0,2.25,0
1,PFBS+PFHpA+PFHxS+PFOA+PFOS,PFOA,1,3.0,0
1,PFBS+PFHpA+PFHxS+PFOA+PFOS,PFOS,1,3.75,0
2,PFBS+PFOA+PFOS,PFBS,1,0.0,1
2,PFBS+PFOA+PFOS,PFHpA,0,0.75,1
2,PFBS+PFOA+PFOS,PFHxS,0,1.5,1
2,PFBS+PFOA+PFOS,PFNA,0,2.25,1
2,PFBS+PFOA+PFOS,PFOA,1,3.0,1
2,PFBS+PFOA+PFOS,PFOS,1,3.75,1
3,PFBS+PFHxS+PFOA+PFOS,PFBS,1,0.0,2
3,PFBS+PFHxS+PFOA+PFOS,PFHpA,0,0.75,2
3,PFBS+PFHxS+PFOA+PFOS,PFHxS,1,1.5,2
3,PFBS+PFHxS+PFOA+PFOS,PFNA,0,2.25,2
3,PFBS+PFHxS+PFOA+PFOS,PFOA,1,3.0,2
3,PFBS+PFHxS+PFOA+PFOS,PFOS,1,3.75,2
4,PFBS+PFHxS+PFOS,PFBS,1,0.0,3
4,PFBS+PFHxS+PFOS,PFHpA,0,0.75,3
4,PFBS+PFHxS+PFOS,PFHxS,1,1.5,3
4,PFBS+PFHxS+PFOS,PFNA,0,2.25,3
4,PFBS+PFHxS+PFOS,PFOA,0,3.0,3
4,PFBS+PFHxS+PFOS,PFOS,1,3.75,3
5,PFHxS+PFOS,PFBS,0,0.0,4
5,PFHxS+PFOS,PFHpA,0,0.75,4
5,PFHxS+PFOS,PFHxS,1,1.5,4
5,PFHxS+PFOS,PFNA,0,2.25,4
5,PFHxS+PFOS,PFOA,0,3.0,4
5,PFHxS+PFOS,PFOS,1,3.75,4
6,PFBS+PFOS,PFBS,1,0.0,5
6,PFBS+PFOS,PFHpA,0,0.75,5
6,PFBS+PFOS,PFHxS,0,1.5,5
6,PFBS+PFOS,PFNA,0,2.25,5
6,PFBS+PFOS,PFOA,0,3.0,5
6,PFBS+PFOS,PFOS,1,3.75,5
7,PFOA+PFOS,PFBS,0,0.0,6
7,PFOA+PFOS,PFHpA,0,0.75,6
7,PFOA+PFOS,PFHxS,0,1.5,6
7,PFOA+PFOS,PFNA,0,2.25,6
7,PFOA+PFOS,PFOA,1,3.0,6
7,PFOA+PFOS,PFOS,1,3.75,6
8,PFHxS+PFOA+PFOS,PFBS,0,0.0,7
8,PFHxS+PFOA+PFOS,PFHpA,0,0.75,7
8,PFHxS+PFOA+PFOS,PFHxS,1,1.5,7
8,PFHxS+PFOA+PFOS,PFNA,0,2.25,7
8,PFHxS+PFOA+PFOS,PFOA,1,3.0,7
8,PFHxS+PFOA+PFOS,PFOS,1,3.75,7
