subset,strategy,metric,locations,reference_positive_locations,estimate,inference
all,000,binary_coverage,25756,3647,0.007677543186180423,descriptive location-equal subset estimate
all,000,location_equal_pair_coverage,25756,3647,0.0005233684147860183,descriptive location-equal subset estimate
all,000,pooled_pair_coverage,25756,3647,0.0019917066640545923,descriptive location-equal subset estimate
all,001,binary_coverage,25756,3647,0.011790512750205647,descriptive location-equal subset estimate
all,001,location_equal_pair_coverage,25756,3647,0.0007844895560826459,descriptive location-equal subset estimate
all,001,pooled_pair_coverage,25756,3647,0.0030038854605413524,descriptive location-equal subset estimate
all,010,binary_coverage,25756,3647,0.5714285714285714,descriptive location-equal subset estimate
all,010,location_equal_pair_coverage,25756,3647,0.19898223495482498,descriptive location-equal subset estimate
all,010,pooled_pair_coverage,25756,3647,0.15538577072517712,descriptive location-equal subset estimate
all,011,binary_coverage,25756,3647,0.7252536331231149,descriptive location-equal subset estimate
all,011,location_equal_pair_coverage,25756,3647,0.2861615643083785,descriptive location-equal subset estimate
all,011,pooled_pair_coverage,25756,3647,0.2065497763411369,descriptive location-equal subset estimate
all,100,binary_coverage,25756,3647,0.5237181244858787,descriptive location-equal subset estimate
all,100,location_equal_pair_coverage,25756,3647,0.22240520650113318,descriptive location-equal subset estimate
all,100,pooled_pair_coverage,25756,3647,0.23449897149573906,descriptive location-equal subset estimate
all,101,binary_coverage,25756,3647,0.6484782012613106,descriptive location-equal subset estimate
all,101,location_equal_pair_coverage,25756,3647,0.30413370177145804,descriptive location-equal subset estimate
all,101,pooled_pair_coverage,25756,3647,0.29797237731413456,descriptive location-equal subset estimate
all,110,binary_coverage,25756,3647,0.8102550041129696,descriptive location-equal subset estimate
all,110,location_equal_pair_coverage,25756,3647,0.7074791072353709,descriptive location-equal subset estimate
all,110,pooled_pair_coverage,25756,3647,0.7707251771312894,descriptive location-equal subset estimate
all,111,binary_coverage,25756,3647,1.0,descriptive location-equal subset estimate
all,111,location_equal_pair_coverage,25756,3647,1.0,descriptive location-equal subset estimate
all,111,pooled_pair_coverage,25756,3647,1.0,descriptive location-equal subset estimate
matched_cross_cycle,000,binary_coverage,7467,1354,0.0066469719350073855,descriptive location-equal subset estimate
matched_cross_cycle,000,location_equal_pair_coverage,7467,1354,0.000426128934253011,descriptive location-equal subset estimate
matched_cross_cycle,000,pooled_pair_coverage,7467,1354,0.0020429009193054137,descriptive location-equal subset estimate
matched_cross_cycle,001,binary_coverage,7467,1354,0.010339734121122601,descriptive location-equal subset estimate
matched_cross_cycle,001,location_equal_pair_coverage,7467,1354,0.0006799330654574377,descriptive location-equal subset estimate
matched_cross_cycle,001,pooled_pair_coverage,7467,1354,0.002985778266677143,descriptive location-equal subset estimate
matched_cross_cycle,010,binary_coverage,7467,1354,0.5908419497784343,descriptive location-equal subset estimate
matched_cross_cycle,010,location_equal_pair_coverage,7467,1354,0.18276972417859244,descriptive location-equal subset estimate
matched_cross_cycle,010,pooled_pair_coverage,7467,1354,0.14614598884261804,descriptive location-equal subset estimate
matched_cross_cycle,011,binary_coverage,7467,1354,0.7163958641063516,descriptive location-equal subset estimate
matched_cross_cycle,011,location_equal_pair_coverage,7467,1354,0.25136066486537045,descriptive location-equal subset estimate
matched_cross_cycle,011,pooled_pair_coverage,7467,1354,0.18755401901469315,descriptive location-equal subset estimate
matched_cross_cycle,100,binary_coverage,7467,1354,0.587149187592319,descriptive location-equal subset estimate
matched_cross_cycle,100,location_equal_pair_coverage,7467,1354,0.2582424206495016,descriptive location-equal subset estimate
matched_cross_cycle,100,pooled_pair_coverage,7467,1354,0.2570912233833582,descriptive location-equal subset estimate
matched_cross_cycle,101,binary_coverage,7467,1354,0.7053175775480061,descriptive location-equal subset estimate
matched_cross_cycle,101,location_equal_pair_coverage,7467,1354,0.33699619174569256,descriptive location-equal subset estimate
matched_cross_cycle,101,pooled_pair_coverage,7467,1354,0.31578533825724836,descriptive location-equal subset estimate
matched_cross_cycle,110,binary_coverage,7467,1354,0.8404726735598229,descriptive location-equal subset estimate
matched_cross_cycle,110,location_equal_pair_coverage,7467,1354,0.7398983498743101,descriptive location-equal subset estimate
matched_cross_cycle,110,pooled_pair_coverage,7467,1354,0.7963384929677064,descriptive location-equal subset estimate
matched_cross_cycle,111,binary_coverage,7467,1354,1.0,descriptive location-equal subset estimate
matched_cross_cycle,111,location_equal_pair_coverage,7467,1354,1.0,descriptive location-equal subset estimate
matched_cross_cycle,111,pooled_pair_coverage,7467,1354,1.0,descriptive location-equal subset estimate
unchanged_water_type,000,binary_coverage,25756,3647,0.007677543186180423,descriptive location-equal subset estimate
unchanged_water_type,000,location_equal_pair_coverage,25756,3647,0.0005233684147860183,descriptive location-equal subset estimate
unchanged_water_type,000,pooled_pair_coverage,25756,3647,0.0019917066640545923,descriptive location-equal subset estimate
unchanged_water_type,001,binary_coverage,25756,3647,0.011790512750205647,descriptive location-equal subset estimate
unchanged_water_type,001,location_equal_pair_coverage,25756,3647,0.0007844895560826459,descriptive location-equal subset estimate
unchanged_water_type,001,pooled_pair_coverage,25756,3647,0.0030038854605413524,descriptive location-equal subset estimate
unchanged_water_type,010,binary_coverage,25756,3647,0.5714285714285714,descriptive location-equal subset estimate
unchanged_water_type,010,location_equal_pair_coverage,25756,3647,0.19898223495482498,descriptive location-equal subset estimate
unchanged_water_type,010,pooled_pair_coverage,25756,3647,0.15538577072517712,descriptive location-equal subset estimate
unchanged_water_type,011,binary_coverage,25756,3647,0.7252536331231149,descriptive location-equal subset estimate
unchanged_water_type,011,location_equal_pair_coverage,25756,3647,0.2861615643083785,descriptive location-equal subset estimate
unchanged_water_type,011,pooled_pair_coverage,25756,3647,0.2065497763411369,descriptive location-equal subset estimate
unchanged_water_type,100,binary_coverage,25756,3647,0.5237181244858787,descriptive location-equal subset estimate
unchanged_water_type,100,location_equal_pair_coverage,25756,3647,0.22240520650113318,descriptive location-equal subset estimate
unchanged_water_type,100,pooled_pair_coverage,25756,3647,0.23449897149573906,descriptive location-equal subset estimate
unchanged_water_type,101,binary_coverage,25756,3647,0.6484782012613106,descriptive location-equal subset estimate
unchanged_water_type,101,location_equal_pair_coverage,25756,3647,0.30413370177145804,descriptive location-equal subset estimate
unchanged_water_type,101,pooled_pair_coverage,25756,3647,0.29797237731413456,descriptive location-equal subset estimate
unchanged_water_type,110,binary_coverage,25756,3647,0.8102550041129696,descriptive location-equal subset estimate
unchanged_water_type,110,location_equal_pair_coverage,25756,3647,0.7074791072353709,descriptive location-equal subset estimate
unchanged_water_type,110,pooled_pair_coverage,25756,3647,0.7707251771312894,descriptive location-equal subset estimate
unchanged_water_type,111,binary_coverage,25756,3647,1.0,descriptive location-equal subset estimate
unchanged_water_type,111,location_equal_pair_coverage,25756,3647,1.0,descriptive location-equal subset estimate
unchanged_water_type,111,pooled_pair_coverage,25756,3647,1.0,descriptive location-equal subset estimate
lag_90_to_270_days,000,binary_coverage,21882,2975,0.008739495798319329,descriptive location-equal subset estimate
lag_90_to_270_days,000,location_equal_pair_coverage,21882,2975,0.0005815640941691363,descriptive location-equal subset estimate
lag_90_to_270_days,000,pooled_pair_coverage,21882,2975,0.0022187621642662516,descriptive location-equal subset estimate
lag_90_to_270_days,001,binary_coverage,21882,2975,0.013781512605042017,descriptive location-equal subset estimate
lag_90_to_270_days,001,location_equal_pair_coverage,21882,2975,0.0009016678932645317,descriptive location-equal subset estimate
lag_90_to_270_days,001,pooled_pair_coverage,21882,2975,0.0034254573764110553,descriptive location-equal subset estimate
lag_90_to_270_days,010,binary_coverage,21882,2975,0.5626890756302522,descriptive location-equal subset estimate
lag_90_to_270_days,010,location_equal_pair_coverage,21882,2975,0.18822228696574012,descriptive location-equal subset estimate
lag_90_to_270_days,010,pooled_pair_coverage,21882,2975,0.15110938108213315,descriptive location-equal subset estimate
lag_90_to_270_days,011,binary_coverage,21882,2975,0.7078991596638655,descriptive location-equal subset estimate
lag_90_to_270_days,011,location_equal_pair_coverage,21882,2975,0.2670174198891967,descriptive location-equal subset estimate
lag_90_to_270_days,011,pooled_pair_coverage,21882,2975,0.20046710782405605,descriptive location-equal subset estimate
lag_90_to_270_days,100,binary_coverage,21882,2975,0.5472268907563025,descriptive location-equal subset estimate
lag_90_to_270_days,100,location_equal_pair_coverage,21882,2975,0.23748843570310313,descriptive location-equal subset estimate
lag_90_to_270_days,100,pooled_pair_coverage,21882,2975,0.2420007785130401,descriptive location-equal subset estimate
lag_90_to_270_days,101,binary_coverage,21882,2975,0.6796638655462185,descriptive location-equal subset estimate
lag_90_to_270_days,101,location_equal_pair_coverage,21882,2975,0.32631624972603424,descriptive location-equal subset estimate
lag_90_to_270_days,101,pooled_pair_coverage,21882,2975,0.3070455430128455,descriptive location-equal subset estimate
lag_90_to_270_days,110,binary_coverage,21882,2975,0.8127731092436975,descriptive location-equal subset estimate
lag_90_to_270_days,110,location_equal_pair_coverage,21882,2975,0.7100205173409211,descriptive location-equal subset estimate
lag_90_to_270_days,110,pooled_pair_coverage,21882,2975,0.7727131179447256,descriptive location-equal subset estimate
lag_90_to_270_days,111,binary_coverage,21882,2975,1.0,descriptive location-equal subset estimate
lag_90_to_270_days,111,location_equal_pair_coverage,21882,2975,1.0,descriptive location-equal subset estimate
lag_90_to_270_days,111,pooled_pair_coverage,21882,2975,1.0,descriptive location-equal subset estimate
water_type_GU,000,binary_coverage,296,62,0.016129032258064516,descriptive location-equal subset estimate
water_type_GU,000,location_equal_pair_coverage,296,62,0.002150537634408602,descriptive location-equal subset estimate
water_type_GU,000,pooled_pair_coverage,296,62,0.010084033613445379,descriptive location-equal subset estimate
water_type_GU,001,binary_coverage,296,62,0.048387096774193554,descriptive location-equal subset estimate
water_type_GU,001,location_equal_pair_coverage,296,62,0.003046594982078853,descriptive location-equal subset estimate
water_type_GU,001,pooled_pair_coverage,296,62,0.013445378151260505,descriptive location-equal subset estimate
water_type_GU,010,binary_coverage,296,62,0.6290322580645161,descriptive location-equal subset estimate
water_type_GU,010,location_equal_pair_coverage,296,62,0.21268561187916024,descriptive location-equal subset estimate
water_type_GU,010,pooled_pair_coverage,296,62,0.18487394957983191,descriptive location-equal subset estimate
water_type_GU,011,binary_coverage,296,62,0.7580645161290323,descriptive location-equal subset estimate
water_type_GU,011,location_equal_pair_coverage,296,62,0.2904505888376856,descriptive location-equal subset estimate
water_type_GU,011,pooled_pair_coverage,296,62,0.23025210084033615,descriptive location-equal subset estimate
water_type_GU,100,binary_coverage,296,62,0.6129032258064516,descriptive location-equal subset estimate
water_type_GU,100,location_equal_pair_coverage,296,62,0.23703277009728627,descriptive location-equal subset estimate
water_type_GU,100,pooled_pair_coverage,296,62,0.24369747899159663,descriptive location-equal subset estimate
water_type_GU,101,binary_coverage,296,62,0.6935483870967741,descriptive location-equal subset estimate
water_type_GU,101,location_equal_pair_coverage,296,62,0.3040962621607783,descriptive location-equal subset estimate
water_type_GU,101,pooled_pair_coverage,296,62,0.319327731092437,descriptive location-equal subset estimate
water_type_GU,110,binary_coverage,296,62,0.8225806451612903,descriptive location-equal subset estimate
water_type_GU,110,location_equal_pair_coverage,296,62,0.7470174091141835,descriptive location-equal subset estimate
water_type_GU,110,pooled_pair_coverage,296,62,0.8134453781512605,descriptive location-equal subset estimate
water_type_GU,111,binary_coverage,296,62,1.0,descriptive location-equal subset estimate
water_type_GU,111,location_equal_pair_coverage,296,62,1.0,descriptive location-equal subset estimate
water_type_GU,111,pooled_pair_coverage,296,62,1.0,descriptive location-equal subset estimate
water_type_GW,000,binary_coverage,19054,2393,0.007939824488090264,descriptive location-equal subset estimate
water_type_GW,000,location_equal_pair_coverage,19054,2393,0.00054789200213354,descriptive location-equal subset estimate
water_type_GW,000,pooled_pair_coverage,19054,2393,0.0020554493307839384,descriptive location-equal subset estimate
water_type_GW,001,binary_coverage,19054,2393,0.01128290848307564,descriptive location-equal subset estimate
water_type_GW,001,location_equal_pair_coverage,19054,2393,0.0008446932182828547,descriptive location-equal subset estimate
water_type_GW,001,pooled_pair_coverage,19054,2393,0.0032026768642447415,descriptive location-equal subset estimate
water_type_GW,010,binary_coverage,19054,2393,0.5248641872127038,descriptive location-equal subset estimate
water_type_GW,010,location_equal_pair_coverage,19054,2393,0.15888444983740654,descriptive location-equal subset estimate
water_type_GW,010,pooled_pair_coverage,19054,2393,0.13522944550669216,descriptive location-equal subset estimate
water_type_GW,011,binary_coverage,19054,2393,0.666527371500209,descriptive location-equal subset estimate
water_type_GW,011,location_equal_pair_coverage,19054,2393,0.23019760731553074,descriptive location-equal subset estimate
water_type_GW,011,pooled_pair_coverage,19054,2393,0.1818833652007648,descriptive location-equal subset estimate
water_type_GW,100,binary_coverage,19054,2393,0.595904722106143,descriptive location-equal subset estimate
water_type_GW,100,location_equal_pair_coverage,19054,2393,0.2770850123051113,descriptive location-equal subset estimate
water_type_GW,100,pooled_pair_coverage,19054,2393,0.2637667304015296,descriptive location-equal subset estimate
water_type_GW,101,binary_coverage,19054,2393,0.7354784788967823,descriptive location-equal subset estimate
water_type_GW,101,location_equal_pair_coverage,19054,2393,0.37925959958456146,descriptive location-equal subset estimate
water_type_GW,101,pooled_pair_coverage,19054,2393,0.33121414913957936,descriptive location-equal subset estimate
water_type_GW,110,binary_coverage,19054,2393,0.8186376932720436,descriptive location-equal subset estimate
water_type_GW,110,location_equal_pair_coverage,19054,2393,0.7137263572922218,descriptive location-equal subset estimate
water_type_GW,110,pooled_pair_coverage,19054,2393,0.7764818355640535,descriptive location-equal subset estimate
water_type_GW,111,binary_coverage,19054,2393,1.0,descriptive location-equal subset estimate
water_type_GW,111,location_equal_pair_coverage,19054,2393,1.0,descriptive location-equal subset estimate
water_type_GW,111,pooled_pair_coverage,19054,2393,1.0,descriptive location-equal subset estimate
water_type_MX,000,binary_coverage,574,121,0.0,descriptive location-equal subset estimate
water_type_MX,000,location_equal_pair_coverage,574,121,0.0,descriptive location-equal subset estimate
water_type_MX,000,pooled_pair_coverage,574,121,0.0,descriptive location-equal subset estimate
water_type_MX,001,binary_coverage,574,121,0.0,descriptive location-equal subset estimate
water_type_MX,001,location_equal_pair_coverage,574,121,0.0,descriptive location-equal subset estimate
water_type_MX,001,pooled_pair_coverage,574,121,0.0,descriptive location-equal subset estimate
water_type_MX,010,binary_coverage,574,121,0.6446280991735537,descriptive location-equal subset estimate
water_type_MX,010,location_equal_pair_coverage,574,121,0.3772727272727273,descriptive location-equal subset estimate
water_type_MX,010,pooled_pair_coverage,574,121,0.24109589041095889,descriptive location-equal subset estimate
water_type_MX,011,binary_coverage,574,121,0.8347107438016529,descriptive location-equal subset estimate
water_type_MX,011,location_equal_pair_coverage,574,121,0.5060802833530107,descriptive location-equal subset estimate
water_type_MX,011,pooled_pair_coverage,574,121,0.31095890410958904,descriptive location-equal subset estimate
water_type_MX,100,binary_coverage,574,121,0.36363636363636365,descriptive location-equal subset estimate
water_type_MX,100,location_equal_pair_coverage,574,121,0.12766627312081857,descriptive location-equal subset estimate
water_type_MX,100,pooled_pair_coverage,574,121,0.14246575342465753,descriptive location-equal subset estimate
water_type_MX,101,binary_coverage,574,121,0.42148760330578516,descriptive location-equal subset estimate
water_type_MX,101,location_equal_pair_coverage,574,121,0.15294503476321664,descriptive location-equal subset estimate
water_type_MX,101,pooled_pair_coverage,574,121,0.20136986301369864,descriptive location-equal subset estimate
water_type_MX,110,binary_coverage,574,121,0.8016528925619835,descriptive location-equal subset estimate
water_type_MX,110,location_equal_pair_coverage,574,121,0.7447658402203858,descriptive location-equal subset estimate
water_type_MX,110,pooled_pair_coverage,574,121,0.7397260273972603,descriptive location-equal subset estimate
water_type_MX,111,binary_coverage,574,121,1.0,descriptive location-equal subset estimate
water_type_MX,111,location_equal_pair_coverage,574,121,1.0,descriptive location-equal subset estimate
water_type_MX,111,pooled_pair_coverage,574,121,1.0,descriptive location-equal subset estimate
water_type_SW,000,binary_coverage,5832,1071,0.0074696545284780565,descriptive location-equal subset estimate
water_type_SW,000,location_equal_pair_coverage,5832,1071,0.0004335067360277444,descriptive location-equal subset estimate
water_type_SW,000,pooled_pair_coverage,5832,1071,0.0014316392269148174,descriptive location-equal subset estimate
water_type_SW,001,binary_coverage,5832,1071,0.012138188608776843,descriptive location-equal subset estimate
water_type_SW,001,location_equal_pair_coverage,5832,1071,0.0006076504675944452,descriptive location-equal subset estimate
water_type_SW,001,pooled_pair_coverage,5832,1071,0.002028155571462658,descriptive location-equal subset estimate
water_type_SW,010,binary_coverage,5832,1071,0.6638655462184874,descriptive location-equal subset estimate
water_type_SW,010,location_equal_pair_coverage,5832,1071,0.26763885572625873,descriptive location-equal subset estimate
water_type_SW,010,pooled_pair_coverage,5832,1071,0.19613457408732998,descriptive location-equal subset estimate
water_type_SW,011,binary_coverage,5832,1071,0.842203548085901,descriptive location-equal subset estimate
water_type_SW,011,location_equal_pair_coverage,5832,1071,0.386110830936451,descriptive location-equal subset estimate
water_type_SW,011,pooled_pair_coverage,5832,1071,0.2573371510379384,descriptive location-equal subset estimate
water_type_SW,100,binary_coverage,5832,1071,0.3753501400560224,descriptive location-equal subset estimate
water_type_SW,100,location_equal_pair_coverage,5832,1071,0.11008749100826314,descriptive location-equal subset estimate
water_type_SW,100,pooled_pair_coverage,5832,1071,0.1688141255070389,descriptive location-equal subset estimate
water_type_SW,101,binary_coverage,5832,1071,0.4771241830065359,descriptive location-equal subset estimate
water_type_SW,101,location_equal_pair_coverage,5832,1071,0.15335860979862959,descriptive location-equal subset estimate
water_type_SW,101,pooled_pair_coverage,5832,1071,0.2219040801717967,descriptive location-equal subset estimate
water_type_SW,110,binary_coverage,5832,1071,0.7917833800186741,descriptive location-equal subset estimate
water_type_SW,110,location_equal_pair_coverage,5832,1071,0.6870190336651433,descriptive location-equal subset estimate
water_type_SW,110,pooled_pair_coverage,5832,1071,0.7560248150799332,descriptive location-equal subset estimate
water_type_SW,111,binary_coverage,5832,1071,1.0,descriptive location-equal subset estimate
water_type_SW,111,location_equal_pair_coverage,5832,1071,1.0,descriptive location-equal subset estimate
water_type_SW,111,pooled_pair_coverage,5832,1071,1.0,descriptive location-equal subset estimate
