cohort,resampling,reference,candidate,metric,reference_score,candidate_score,estimate,lower95,upper95,finite_draws,simultaneous_lower95,simultaneous_upper95,simultaneous_family_size,source_file,source_csv_line,plot_estimate,plot_lower95,plot_upper95,interval_source_columns,panel,row_order,row_label,plot_unit,interval_type
national,pws,baseline__independent,selected3__independent,family_given_count_nll,0.06320698063007135,0.060758794212580264,0.0024481864174910883,-6.137224468863869e-05,0.005087893709607722,5000,-0.0002793794004679979,0.005175752235450175,3.0,new_analysis/national/chemical_paired_contrasts.csv,134,0.0024481864174910883,-0.0002793794004679979,0.005175752235450175,simultaneous_lower95;simultaneous_upper95,8b,0,Logistic,nats,simultaneous 95%; three endpoints within comparison and resampling
national,pws,baseline__independent,selected3__independent,pair_given_count_nll__PFOA+PFOS,0.03719356805759044,0.03428788032779331,0.0029056877297971295,0.0007660450486866738,0.005025660600170042,5000,0.0004664024421865659,0.005344973017407693,3.0,new_analysis/national/chemical_paired_contrasts.csv,149,0.0029056877297971295,0.0004664024421865659,0.005344973017407693,simultaneous_lower95;simultaneous_upper95,8b,0,Logistic,nats,simultaneous 95%; three endpoints within comparison and resampling
national,pws,baseline__independent,selected3__independent,pair_given_count_nll__PFHxS+PFOS,0.028744772732035993,0.023757184192584418,0.004987588539451575,0.002237007517518281,0.007728186949689567,5000,0.0017194043244467684,0.00825577275445638,3.0,new_analysis/national/chemical_paired_contrasts.csv,146,0.004987588539451575,0.0017194043244467684,0.00825577275445638,simultaneous_lower95;simultaneous_upper95,8b,0,Logistic,nats,simultaneous 95%; three endpoints within comparison and resampling
national,pws,baseline__linear,selected3__linear,family_given_count_nll,0.06607809553947389,0.06262847561744474,0.0034496199220291485,0.0015140985182482943,0.005467484650504682,5000,0.001202767467676837,0.00569647237638146,3.0,new_analysis/national/chemical_paired_contrasts.csv,171,0.0034496199220291485,0.001202767467676837,0.00569647237638146,simultaneous_lower95;simultaneous_upper95,8b,1,Linear,nats,simultaneous 95%; three endpoints within comparison and resampling
national,pws,baseline__linear,selected3__linear,pair_given_count_nll__PFOA+PFOS,0.0458577542700357,0.03625511447840404,0.009602639791631666,-0.00035213637077452796,0.019524819916641664,5000,-0.004730494815498903,0.023935774398762235,3.0,new_analysis/national/chemical_paired_contrasts.csv,186,0.009602639791631666,-0.004730494815498903,0.023935774398762235,simultaneous_lower95;simultaneous_upper95,8b,1,Linear,nats,simultaneous 95%; three endpoints within comparison and resampling
national,pws,baseline__linear,selected3__linear,pair_given_count_nll__PFHxS+PFOS,0.028059220361076616,0.023478718886636506,0.0045805014744401094,0.0026478000546026454,0.006601238439893594,5000,0.0023374392636772235,0.006823563685202995,3.0,new_analysis/national/chemical_paired_contrasts.csv,183,0.0045805014744401094,0.0023374392636772235,0.006823563685202995,simultaneous_lower95;simultaneous_upper95,8b,1,Linear,nats,simultaneous 95%; three endpoints within comparison and resampling
national,pws,baseline__nonlinear,selected3__nonlinear,family_given_count_nll,0.05997991454234676,0.06195635316347092,-0.001976438621124163,-0.004567116697595881,0.00027688834752558533,5000,-0.004664160452458176,0.0007112832102098491,3.0,new_analysis/national/chemical_paired_contrasts.csv,208,-0.001976438621124163,-0.004664160452458176,0.0007112832102098491,simultaneous_lower95;simultaneous_upper95,8b,2,Nonlinear,nats,simultaneous 95%; three endpoints within comparison and resampling
national,pws,baseline__nonlinear,selected3__nonlinear,pair_given_count_nll__PFOA+PFOS,0.034242989026921945,0.03294202247560337,0.0013009665513185747,-0.0008977487807101996,0.003491185149129394,5000,-0.0014816828463244613,0.004083615948961611,3.0,new_analysis/national/chemical_paired_contrasts.csv,223,0.0013009665513185747,-0.0014816828463244613,0.004083615948961611,simultaneous_lower95;simultaneous_upper95,8b,2,Nonlinear,nats,simultaneous 95%; three endpoints within comparison and resampling
national,pws,baseline__nonlinear,selected3__nonlinear,pair_given_count_nll__PFHxS+PFOS,0.03095461637433512,0.028060936878285918,0.0028936794960492014,0.0008941900072328784,0.004918790401684265,5000,0.0006029719366931413,0.0051843870554052615,3.0,new_analysis/national/chemical_paired_contrasts.csv,220,0.0028936794960492014,0.0006029719366931413,0.0051843870554052615,simultaneous_lower95;simultaneous_upper95,8b,2,Nonlinear,nats,simultaneous 95%; three endpoints within comparison and resampling
