pattern_code,display_order,analyte,reported,matrix_x,matrix_y
48,1,PFBS,0,0,0
48,1,PFHpA,0,1,0
48,1,PFHxS,0,2,0
48,1,PFNA,0,3,0
48,1,PFOA,1,4,0
48,1,PFOS,1,5,0
18,2,PFBS,0,0,1
18,2,PFHpA,1,1,1
18,2,PFHxS,0,2,1
18,2,PFNA,0,3,1
18,2,PFOA,1,4,1
18,2,PFOS,0,5,1
36,3,PFBS,0,0,2
36,3,PFHpA,0,1,2
36,3,PFHxS,1,2,2
36,3,PFNA,0,3,2
36,3,PFOA,0,4,2
36,3,PFOS,1,5,2
19,4,PFBS,1,0,3
19,4,PFHpA,1,1,3
19,4,PFHxS,0,2,3
19,4,PFNA,0,3,3
19,4,PFOA,1,4,3
19,4,PFOS,0,5,3
49,5,PFBS,1,0,4
49,5,PFHpA,0,1,4
49,5,PFHxS,0,2,4
49,5,PFNA,0,3,4
49,5,PFOA,1,4,4
49,5,PFOS,1,5,4
17,6,PFBS,1,0,5
17,6,PFHpA,0,1,5
17,6,PFHxS,0,2,5
17,6,PFNA,0,3,5
17,6,PFOA,1,4,5
17,6,PFOS,0,5,5
