reported_pfas_count,distribution,probability,probability_percent
0,Observed,0.9665665684102432,96.65665684102431
0,Conditional independence,0.9351979161467388,93.51979161467388
0,Shared-shock,0.9580539128564156,95.80539128564156
1,Observed,0.0197982474720593,1.9798247472059296
1,Conditional independence,0.0568649568445011,5.68649568445011
1,Shared-shock,0.0233381660426407,2.33381660426407
2,Observed,0.0077844787077222,0.77844787077222
2,Conditional independence,0.005921281788608,0.5921281788607999
2,Shared-shock,0.0094568445475546,0.94568445475546
3,Observed,0.0036782476140823,0.36782476140823
3,Conditional independence,0.0012211219033278,0.12211219033278
3,Shared-shock,0.0049495847796528,0.49495847796528
4,Observed,0.001408806235383,0.1408806235383
4,Conditional independence,0.0004887796930563,0.04887796930563
4,Shared-shock,0.002411386350725,0.2411386350725
5,Observed,0.0006713438039822,0.0671343803982199
5,Conditional independence,0.0002307161025445,0.02307161025445
5,Shared-shock,0.0015558368736856,0.15558368736856
6,Observed,9.230775652753144e-05,0.0092307756527531
6,Conditional independence,7.522752122325834e-05,0.0075227521223258
6,Shared-shock,0.0002342685493251,0.02342685493251
