weighting,role,baseline,candidate,metric,baseline_score,reduction,relative_reduction,ci95_lower,ci95_upper,valid_bootstrap_replicates,comparison_label,comparison_order,model
jurisdiction_pws_equal,information_increment,baseline__linear,decompose_count_linear,identity_nll_given_informative_count,1.7951105908707952,0.1266689574450163,0.0705633168726224,0.0403960909363441,0.2039627722247776,5000,Count vs none,0,linear
jurisdiction_resampling,information_increment,baseline__linear,decompose_count_linear,identity_nll_given_informative_count,1.7951105908707952,0.1266689574450163,0.0705633168726224,0.0314578544795624,0.2722293004873174,5000,Count vs none,0,linear
jurisdiction_pws_equal,information_increment,baseline__nonlinear,decompose_count_nonlinear,identity_nll_given_informative_count,1.6338977543930602,0.0897681372518406,0.0549410983707402,0.0216052769970069,0.1497355077742145,5000,Count vs none,0,nonlinear
jurisdiction_resampling,information_increment,baseline__nonlinear,decompose_count_nonlinear,identity_nll_given_informative_count,1.6338977543930602,0.0897681372518406,0.0549410983707402,0.0143885489392185,0.2025968600820961,5000,Count vs none,0,nonlinear
jurisdiction_pws_equal,information_increment,decompose_count_linear,decompose_flags_linear,identity_nll_given_informative_count,1.6684416334257788,-0.0074864119991707,-0.0044870685609774,-0.023423085250005,0.0105274002468235,5000,Flags vs count,1,linear
jurisdiction_resampling,information_increment,decompose_count_linear,decompose_flags_linear,identity_nll_given_informative_count,1.6684416334257788,-0.0074864119991707,-0.0044870685609774,-0.0289988055822509,0.0134415600661131,5000,Flags vs count,1,linear
jurisdiction_pws_equal,information_increment,decompose_count_nonlinear,decompose_flags_nonlinear,identity_nll_given_informative_count,1.5441296171412195,-0.0306402350888435,-0.0198430460427088,-0.0640183326151688,-0.0009747643010127,5000,Flags vs count,1,nonlinear
jurisdiction_resampling,information_increment,decompose_count_nonlinear,decompose_flags_nonlinear,identity_nll_given_informative_count,1.5441296171412195,-0.0306402350888435,-0.0198430460427088,-0.0782778802424415,0.0045204409823029,5000,Flags vs count,1,nonlinear
jurisdiction_pws_equal,information_increment,decompose_flags_linear,selected3__linear,identity_nll_given_informative_count,1.6759280454249494,0.1152058243982788,0.0687415099429684,0.0163373880999008,0.2014494165144965,5000,Full vs flags,2,linear
jurisdiction_resampling,information_increment,decompose_flags_linear,selected3__linear,identity_nll_given_informative_count,1.6759280454249494,0.1152058243982788,0.0687415099429684,0.0106450963895265,0.2898485756344296,5000,Full vs flags,2,linear
jurisdiction_pws_equal,information_increment,decompose_flags_nonlinear,selected3__nonlinear,identity_nll_given_informative_count,1.574769852230063,0.058327737434268,0.0370388964150342,-0.0028967265730739,0.1097082771561099,5000,Full vs flags,2,nonlinear
jurisdiction_resampling,information_increment,decompose_flags_nonlinear,selected3__nonlinear,identity_nll_given_informative_count,1.574769852230063,0.058327737434268,0.0370388964150342,-0.0235912103910091,0.1654398649308747,5000,Full vs flags,2,nonlinear
jurisdiction_pws_equal,overall_information,baseline__linear,selected3__linear,identity_nll_given_informative_count,1.7951105908707952,0.2343883698441245,0.1305704345103464,0.06607437606266,0.3888790299204646,5000,Full vs none,3,linear
jurisdiction_resampling,overall_information,baseline__linear,selected3__linear,identity_nll_given_informative_count,1.7951105908707952,0.2343883698441245,0.1305704345103464,0.0511898080529595,0.5418351814026299,5000,Full vs none,3,linear
jurisdiction_pws_equal,overall_information,baseline__nonlinear,selected3__nonlinear,identity_nll_given_informative_count,1.6338977543930602,0.1174556395972652,0.0718867746047525,-0.0075349221154962,0.2338679707754316,5000,Full vs none,3,nonlinear
jurisdiction_resampling,overall_information,baseline__nonlinear,selected3__nonlinear,identity_nll_given_informative_count,1.6338977543930602,0.1174556395972652,0.0718867746047525,-0.0297853551307197,0.3447549526309194,5000,Full vs none,3,nonlinear
