scheme,weighting,metric,alpha,observed,reference_mean,reference_q025,reference_q975,simultaneous_low,simultaneous_high,observed_percent,reference_mean_percent,simultaneous_low_percent,simultaneous_high_percent
jurisdiction_water,event_equal,collapsed_zero,0.0,0.0,0.0,0.0,0.0,,,0.0,0.0,,
jurisdiction_water,event_equal,collapsed_zero,0.05,0.0217129071170084,0.0108335343787694,0.0048250904704463,0.0168878166465621,0.0011603821684543,0.0205066865890845,2.17129071170084,1.08335343787694,0.11603821684542999,2.05066865890845
jurisdiction_water,event_equal,collapsed_zero,0.1,0.0530759951749095,0.0371218335343787,0.0265379975874547,0.0482509047044632,0.0203164441452596,0.0539272229234978,5.307599517490949,3.71218335343787,2.03164441452596,5.39272229234978
jurisdiction_water,event_equal,collapsed_zero,0.15,0.1133896260554885,0.0788075995174911,0.0651387213510253,0.0928829915560916,0.0568299450740163,0.1007852539609658,11.338962605548849,7.88075995174911,5.68299450740163,10.07852539609658
jurisdiction_water,event_equal,collapsed_zero,0.2,0.1942098914354644,0.1395042219541618,0.1230398069963811,0.1556091676718938,0.1136089331224739,0.1653995107858498,19.420989143546443,13.950422195416179,11.36089331224739,16.53995107858498
jurisdiction_water,event_equal,collapsed_zero,0.25,0.2726176115802171,0.2063202653799767,0.1881785283474065,0.2243667068757539,0.1785992121084105,0.2340413186515429,27.26176115802171,20.632026537997668,17.85992121084105,23.40413186515429
jurisdiction_water,event_equal,collapsed_zero,0.3,0.3486127864897467,0.279106755126659,0.2605548854041013,0.2979493365500603,0.2498345361626975,0.3083789740906205,34.86127864897467,27.9106755126659,24.98345361626975,30.837897409062048
jurisdiction_water,event_equal,collapsed_zero,0.35,0.4270205066344994,0.3455168878166468,0.3256936067551266,0.3642943305186972,0.3153527547400316,0.375681020893262,42.70205066344994,34.55168878166468,31.53527547400316,37.5681020893262
jurisdiction_water,event_equal,collapsed_zero,0.4,0.4873341375150784,0.4116899879372739,0.3932448733413751,0.4294330518697226,0.3822114921463524,0.4411684837281955,48.73341375150784,41.16899879372739,38.22114921463524,44.11684837281955
jurisdiction_water,event_equal,collapsed_zero,0.45,0.5597104945717732,0.4838208685162851,0.4668275030156815,0.5018094089264173,0.4553214620970112,0.5123202749355591,55.97104945717732,48.38208685162851,45.53214620970112,51.23202749355591
jurisdiction_water,event_equal,collapsed_zero,0.5,0.6139927623642943,0.5425808202653792,0.5247285886610374,0.5597104945717732,0.5154566773365429,0.5697049631942156,61.399276236429436,54.25808202653792,51.54566773365429,56.97049631942156
jurisdiction_water,event_equal,collapsed_zero,0.55,0.669481302774427,0.6112358262967406,0.594692400482509,0.6272617611580217,0.5858125995920241,0.636659053001457,66.9481302774427,61.123582629674054,58.58125995920241,63.665905300145695
jurisdiction_water,event_equal,collapsed_zero,0.6000000000000001,0.7129071170084439,0.6634366706875743,0.6489746682750301,0.6779252110977081,0.6396800732860726,0.687193268089076,71.29071170084438,66.34366706875743,63.96800732860726,68.7193268089076
jurisdiction_water,event_equal,collapsed_zero,0.65,0.7611580217129071,0.7215452352231603,0.7080820265379976,0.7358262967430639,0.6999311465711536,0.7431593238751669,76.11580217129071,72.15452352231603,69.99311465711536,74.3159323875167
jurisdiction_water,event_equal,collapsed_zero,0.7000000000000001,0.7973462002412546,0.7591592279855307,0.7466827503015682,0.7720144752714113,0.7391669070874866,0.7791515488835749,79.73462002412546,75.91592279855307,73.91669070874866,77.91515488835749
jurisdiction_water,event_equal,collapsed_zero,0.75,0.8299155609167672,0.7961755126658564,0.7840772014475271,0.8069963811821471,0.7777576352644023,0.8145933900673105,82.99155609167673,79.61755126658564,77.77576352644023,81.45933900673104
jurisdiction_water,event_equal,collapsed_zero,0.8,0.8480096501809409,0.8284414957780551,0.8178528347406514,0.8383594692400482,0.8116757968924508,0.8452071946636595,84.80096501809409,82.84414957780551,81.16757968924509,84.52071946636595
jurisdiction_water,event_equal,collapsed_zero,0.8500000000000001,0.8745476477683957,0.8572533172496896,0.8480096501809409,0.8673100120627262,0.8422961242866884,0.8722105102126907,87.45476477683957,85.72533172496895,84.22961242866884,87.22105102126906
jurisdiction_water,event_equal,collapsed_zero,0.9,0.8974668275030157,0.8846019300361943,0.8769601930036188,0.8926417370325693,0.8710855881157845,0.898118271956604,89.74668275030156,88.46019300361942,87.10855881157845,89.8118271956604
jurisdiction_water,event_equal,collapsed_zero,0.95,0.9155609167671894,0.9082889022919196,0.9010856453558505,0.9155609167671894,0.896300396841086,0.920277407742753,91.55609167671895,90.82889022919196,89.6300396841086,92.0277407742753
jurisdiction_water,event_equal,collapsed_zero,1.0,0.93124246079614,0.9254047044632036,0.919179734620024,0.9324487334137516,,,93.12424607961401,92.54047044632036,,
