row_order,group,analysis_or_restriction,subset_key,estimand_key,native_estimate_pp,native_ci95_low_pp,native_ci95_high_pp,native_error_minus,native_error_plus,reclassification_estimate_pp,reclassification_ci95_low_pp,reclassification_ci95_high_pp,reclassification_error_minus,reclassification_error_plus,common_cutoff_estimate_pp,common_cutoff_ci95_low_pp,common_cutoff_ci95_high_pp,common_cutoff_error_minus,common_cutoff_error_plus
1,Estimand,Event-equal,identifier_matched,event_equal_state_cluster,10.329555816073988,7.676006021610553,13.833101098780606,2.6535497944634354,3.503545282706618,10.66822977725674,7.971574691235863,14.345245490605311,2.6966550860208764,3.677015713348572,-0.3386739611827536,-0.6638532639104378,-0.1248278604575593,0.32517930272768414,0.21384610072519433
2,Estimand,Pooled matched-PWS-equal,identifier_matched,pws_equal,10.366780938514273,9.298255318870478,11.49894744662928,1.068525619643795,1.1321665081150076,10.795916988475987,9.738449177513358,11.915973563786013,1.0574678109626294,1.1200565753100253,-0.4291360499617145,-0.676471886155497,-0.2105670383928125,0.24733583619378252,0.21856901156890202
3,Estimand,Jurisdiction/PWS-equal (primary),identifier_matched,state_pws_two_level,6.600986012215078,4.105662580910987,9.488754766549825,2.495323431304091,2.887768754334747,6.834630651700668,4.282872108502192,9.759082259813832,2.551758543198476,2.9244516081131637,-0.2336446394855897,-0.5219455376664753,-0.05266568911911,0.28830089818088567,0.1809789503664797
4,Restriction; primary estimand,Metadata stable,metadata_stable,state_pws_two_level,6.56335208596084,4.061756707453541,9.454041093750645,2.5015953785072993,2.8906890077898044,6.8001209701373755,4.238683484721835,9.732896135975592,2.5614374854155404,2.9327751658382164,-0.2367688841765355,-0.5288248669211242,-0.050398948182083,0.29205598274458866,0.1863699359944525
5,Restriction; primary estimand,Normalized-name corroborated,name_corroborated,state_pws_two_level,9.877521076765312,4.013154635903777,17.78342110915227,5.864366440861535,7.905900032386956,10.18285142004632,4.248006580774882,18.10418052297359,5.934844839271439,7.9213291029272686,-0.3053303432810074,-0.8974229965691067,0.0,0.5920926532880993,0.3053303432810074
6,Restriction; primary estimand,Same calendar month,same_calendar_month,state_pws_two_level,6.337178649704306,2.934306720189058,10.43319627495947,3.402871929515248,4.096017625255165,6.453173765699422,3.0322874069776016,10.564831143622888,3.42088635872182,4.111657377923466,-0.115995115995116,-0.4807692307692308,0.0,0.3647741147741148,0.115995115995116
7,Restriction; primary estimand,Same meteorological season,same_meteorological_season,state_pws_two_level,6.327996296371269,3.4894306523002174,9.535051979852414,2.838565644071051,3.207055683481145,6.642259694644641,3.8011733758302912,9.871459835786426,2.8410863188143494,3.229200141141786,-0.3142633982733729,-0.851063829787234,0.0025853070973834,0.5368004315138611,0.3168487053707563
8,Restriction; primary estimand,Cyclic month distance ≤1,cyclic_month_distance_le_1,state_pws_two_level,6.106867454141033,3.5563510303908656,9.062738289308736,2.550516423750167,2.955870835167704,6.194312779384675,3.6338373922358618,9.163066330310023,2.5604753871488133,2.9687535509253484,-0.0874453252436429,-0.2876984126984127,0.0,0.20025308745476977,0.0874453252436429
9,Restriction; primary estimand,Cyclic month distance ≤2,cyclic_month_distance_le_2,state_pws_two_level,5.980741729038059,3.5741123941449966,8.84409877478859,2.4066293348930627,2.86335704575053,6.166520724813728,3.748304647061007,9.0375658774426,2.4182160777527213,2.871045152628871,-0.1857789957756684,-0.5751234282418558,0.0420288091595976,0.38934443246618744,0.22780780493526598
10,Restriction; primary estimand,Cyclic month distance ≤3,cyclic_month_distance_le_3,state_pws_two_level,5.840049855772606,3.474387392031569,8.554566984079049,2.365662463741037,2.7145171283064427,6.042385264103859,3.6609943594967738,8.759331589702882,2.3813909046070854,2.7169463255990225,-0.2023354083312529,-0.5718215507883779,0.0,0.369486142457125,0.2023354083312529
