comparison,alpha,estimate,pointwise_ci95_low,pointwise_ci95_high,simultaneous_ci95_low,simultaneous_ci95_high,pws,model
factorized_minus_gaussian,0.05,0.19709439160209,0.1777080193973059,0.2173066118046093,0.1684364381416012,0.2257523450625788,8316,Gaussian factor-2
factorized_minus_gaussian,0.1,0.1561578441527377,0.1380611283892213,0.1750131600739479,0.1295193282023209,0.1827963601031544,8316,Gaussian factor-2
factorized_minus_gaussian,0.15,0.1244786268152026,0.1085023979353839,0.1414777851913796,0.100504195883267,0.1484530577471381,8316,Gaussian factor-2
factorized_minus_gaussian,0.2,0.0931246080772835,0.0796110959442342,0.1074944564613719,0.0727987176670401,0.1134504984875269,8316,Gaussian factor-2
factorized_minus_gaussian,0.3,0.0554924164965944,0.0448448716942939,0.0671271528801266,0.03924218775456,0.0717426452386289,8316,Gaussian factor-2
factorized_minus_gaussian,0.35,0.0447535564699004,0.0345380937850142,0.0558944843244827,0.0292028393681992,0.0603042735716016,8316,Gaussian factor-2
factorized_minus_gaussian,0.4,0.030348895936008,0.0217013672709441,0.0398432248560404,0.0172234480165068,0.0434743438555092,8316,Gaussian factor-2
factorized_minus_gaussian,0.45,0.0247856313936562,0.0168849961304634,0.0336232044952264,0.012652836639873,0.0369184261474393,8316,Gaussian factor-2
factorized_minus_gaussian,0.55,0.0142320685480211,0.0083324915382752,0.0207900442453902,0.0051810867205188,0.0232830503755234,8316,Gaussian factor-2
factorized_minus_gaussian,0.6,0.0104464537108693,0.0052910385394757,0.0162347530377423,0.0024760452702979,0.0184168621514407,8316,Gaussian factor-2
factorized_minus_gaussian,0.65,0.0065502700850128,0.0023525814568715,0.0113555237568338,-1.4099547450402776e-05,0.013114639717476,8316,Gaussian factor-2
factorized_minus_gaussian,0.7,0.0042898356611179,0.0013393501696456,0.0074605342930496,-0.0001883681040456,0.0087680394262814,8316,Gaussian factor-2
factorized_minus_gaussian,0.8,-0.0001861725195211,-0.0019824437816068,0.0018308201951605,-0.0029591559692891,0.0025868109302469,8316,Gaussian factor-2
factorized_minus_gaussian,0.85,-0.0003601288279225,-0.0016401855687643,0.0010177182232701,-0.0022762101146433,0.0015559524587983,8316,Gaussian factor-2
factorized_minus_gaussian,0.9,-0.000289695465061,-0.0012967150427604,0.0008506845799103,-0.0018469036733992,0.0012675127432771,8316,Gaussian factor-2
factorized_minus_gaussian,0.95,-0.0004310011709521,-0.0009274303424457,-1.7055515511421557e-05,-0.0010931969055913,0.0002311945636869,8316,Gaussian factor-2
factorized_minus_shared_shock,0.05,0.1979316254812408,0.1779294698086519,0.2183038813908121,0.168702031311975,0.2271612196505066,8316,Shared-shock
factorized_minus_shared_shock,0.1,0.1551645704941874,0.1368274725139874,0.1742775440504029,0.1281728225040757,0.1821563184842992,8316,Shared-shock
factorized_minus_shared_shock,0.15,0.121584419404205,0.1051118441782691,0.1387541686934925,0.0973242736592521,0.1458445651491579,8316,Shared-shock
factorized_minus_shared_shock,0.2,0.0905496624669246,0.0766505908036007,0.1051506368117071,0.0700641811987778,0.1110351437350715,8316,Shared-shock
factorized_minus_shared_shock,0.3,0.0542565874602235,0.0432345813029633,0.0660472290022319,0.0379663209807766,0.0705468539396703,8316,Shared-shock
factorized_minus_shared_shock,0.35,0.0437846960713899,0.0334061441946054,0.0549610297492809,0.0282946031525055,0.0592747889902744,8316,Shared-shock
factorized_minus_shared_shock,0.4,0.0293475667860858,0.0208148837467644,0.0387367548768866,0.0164105377993806,0.0422845957727911,8316,Shared-shock
factorized_minus_shared_shock,0.45,0.0238324915819027,0.0159751311313621,0.0326095897039925,0.0118366537948963,0.0358283293689091,8316,Shared-shock
factorized_minus_shared_shock,0.55,0.0137666227512688,0.0079176054830674,0.0202376192337139,0.0049109711370672,0.0226222743654703,8316,Shared-shock
factorized_minus_shared_shock,0.6,0.0105458832344186,0.0055015112490839,0.0162633597917437,0.0028193312386214,0.0182724352302159,8316,Shared-shock
factorized_minus_shared_shock,0.65,0.0066943408183181,0.002658662091471,0.0112631023949368,0.0004527520192446,0.0129359296173915,8316,Shared-shock
factorized_minus_shared_shock,0.7,0.0047692453023175,0.0018034339707531,0.0079778734347016,0.0003207477827556,0.0092177428218793,8316,Shared-shock
factorized_minus_shared_shock,0.8,0.0004992391219526,-0.0012055302972995,0.0024650457187992,-0.0021500630573934,0.0031485413012987,8316,Shared-shock
factorized_minus_shared_shock,0.85,-4.7417209787652455e-06,-0.0011492294920597,0.0012484157571535,-0.001724638319937,0.0017151548779795,8316,Shared-shock
factorized_minus_shared_shock,0.9,-0.0001127979253322,-0.0009957720201087,0.0009134873891596,-0.0014842112109802,0.0012586153603158,8316,Shared-shock
factorized_minus_shared_shock,0.95,-0.0003020789990786,-0.0007027976155783,2.9630165562574825e-05,-0.0008302054143329,0.0002260474161757,8316,Shared-shock
