floor_ng_L,component,estimate_pp,ci95_lower,ci95_upper,finite_draws,x,x_error_minus,x_error_plus
0,observed,4.640441943086661,3.8395260202171015,5.460968336625366,1999,4.640441943086661,0.8009159228695597,0.8205263935387048
0,independent_reference,7.309654203802945,6.154601599984567,8.374631381247987,1999,7.309654203802945,1.155052603818378,1.0649771774450416
0,observed_minus_independent,-2.6692122607162845,-3.545089133972451,-1.6497350874208867,1999,-2.6692122607162845,0.8758768732561664,1.0194771732953978
5,observed,2.9864147849403895,2.3639831176832176,3.636254437762252,1999,2.9864147849403895,0.6224316672571719,0.6498396528218624
5,independent_reference,4.1901403772900725,3.1786341035000576,5.184460444883583,1999,4.1901403772900725,1.011506273790015,0.9943200675935104
5,observed_minus_independent,-1.203725592349683,-2.066461206786722,-0.3247849678730118,1999,-1.203725592349683,0.8627356144370388,0.8789406244766712
10,observed,0.5035852216254799,0.1638214416997409,0.8761984704415193,1999,0.5035852216254799,0.33976377992573903,0.3726132488160394
10,independent_reference,0.281931982199384,-0.0236487733816726,0.5953258255199508,1999,0.281931982199384,0.3055807555810566,0.31339384332056686
10,observed_minus_independent,0.2216532394260958,-0.1532308552998448,0.6043117269257174,1999,0.2216532394260958,0.3748840947259406,0.3826584874996216
20,observed,0.1342999040479258,-0.0709030254262226,0.3619382102205365,1999,0.1342999040479258,0.2052029294741484,0.22763830617261072
20,independent_reference,0.0545878123632063,-0.0239769587250007,0.1535986881860383,1999,0.0545878123632063,0.078564771088207,0.09901087582283201
20,observed_minus_independent,0.0797120916847195,-0.1001092039548936,0.2632667089114944,1999,0.0797120916847195,0.1798212956396131,0.1835546172267749
40,observed,-0.0202132897205612,-0.1112069146576017,0.0799132183915796,1999,-0.0202132897205612,0.0909936249370405,0.1001265081121408
40,independent_reference,0.0003303503441607,-0.0152421332271876,0.0110587862918776,1999,0.0003303503441607,0.0155724835713483,0.0107284359477169
40,observed_minus_independent,-0.020543640064722,-0.1004508304082321,0.0713529014188686,1999,-0.020543640064722,0.0799071903435101,0.09189654148359061
