Analyte,Panel_role,Native_UCMR5_MRL_ng_L,Native_UCMR5_MRL_ug_L
11Cl-PF3OUdS,Added 19,5.0,0.005
4:2 FTS,Added 19,3.0,0.003
6:2 FTS,Added 19,5.0,0.005
8:2 FTS,Added 19,5.0,0.005
9Cl-PF3ONS,Added 19,2.0,0.002
ADONA,Added 19,3.0,0.003
HFPO-DA,Added 19,5.0,0.005
NFDHA,Added 19,20.0,0.02
PFBA,Added 19,5.0,0.005
PFBS,Shared six,3.0,0.003
PFDA,Added 19,3.0,0.003
PFDoA,Added 19,3.0,0.003
PFEESA,Added 19,3.0,0.003
PFHpA,Shared six,3.0,0.003
PFHpS,Added 19,3.0,0.003
PFHxA,Added 19,3.0,0.003
PFHxS,Shared six,3.0,0.003
PFMBA,Added 19,3.0,0.003
PFMPA,Added 19,4.0,0.004
PFNA,Shared six,4.0,0.004
PFOA,Shared six,4.0,0.004
PFOS,Shared six,4.0,0.004
PFPeA,Added 19,3.0,0.003
PFPeS,Added 19,4.0,0.004
PFUnA,Added 19,2.0,0.002
