file,status,source,source_sha256,copied_file_sha256
S2_restriction_support.csv,derived support table; existing source values independently verified; not an original plotting CSV,outputs/ucmr5_final_20260828_r1/02_cross_cycle/strict_sensitivities/decision.json,3449fa495f4b5575d9eded887bf10dda93ca47fb0ded702c332fd24efaf199f9,ef532cae33d43aabbcadd6bfc71c7a477d5595ee143fec4003bc1cfdf469ee90
S6C_25_analytes_and_MRLs.csv,derived support table; existing source values independently verified; not an original plotting CSV,outputs/monitoring_decision_20260925/cohort/fixed_method533_analytes.csv,972172555eb24369b0579735c89e7f106a549693e3bc66d805cef7f686142f88,0561115afa2ccd7233e3bb73eab814e48e4d7491f50ffb242f1ca2bea3d8c9a0
S9_absolute_and_panel_contrasts.csv,derived support table; existing source values independently verified; not an original plotting CSV,outputs/research_expansion_20260925/source_influence/contrasts.csv; outputs/research_expansion_20260925/environment_robustness/pws_equal_source_contrasts.csv,0e988cd3beb491d904ecd658aee3a09fba27ff72d158dbe07dd3a24975a407ad; 96e4790ff2e9972fe83dad703f82da07dca8c6221777b93e57864e0c90062717,6b852f3bc41f9346866ebeea64ab44a6d302ae6d07be12d81e51f0de57eea1e4
S18_complete_contribution_reconciliation.csv,derived support table; existing source values independently verified; not an original plotting CSV,outputs/est_final_release_evidence_v1_4_20260913/complete_pattern_gain_contributions_primary_weighted.csv,92debe400bf34314e3586e7a9c7f0a8669c05118335208c1b4b966ffedd4bac2,93ae309bda7eee668f6e8bddb8311a4f8208d52b24559c824b9391d9c90e0dd0
S35_conditional_endpoint_support.csv,derived support table; existing source values independently verified; not an original plotting CSV,outputs/environmental_reconstruction_20260927/conditional_endpoint_support.csv,eade9798cee8619fc4753e557c42b3fec47c9029a371143de95881be539811f5,00dc6587340bdedb8caf78c2b734fc84ebc89f9565215724766a2f475790f531
Fig5a_source_verified_absolute_intervals.csv,exact source-row extraction; numerical strings unchanged; source verified against interval audit; not an original plotting CSV,outputs/auxiliary_followup_20260926/national/metrics.csv,be0e55e874a2feca5bf7fa4dbaed237669b8a57b708592a5472f639f47bb5a7d,74d8665e1077f2247c29ae0383ba18559e33bdeb093c30a30f00ded9605632dd
Fig5c_source_verified_absolute_intervals.csv,exact source-row extraction; numerical strings unchanged; source verified against interval audit; not an original plotting CSV,outputs/auxiliary_followup_20260926/washington/current_metadata_proxy/metrics.csv,5e6da779b9fdfeadd484400251fb400b3275341bb7c6cdc8838a4ce649024b8a,eb6be2c0297228cfdabdd3c54ab63a99dcd9e78fef1bcc8e76c3cbbd3de52a56
Fig6a_source_verified_count_prior_intervals.csv,exact source-row extraction; numerical strings unchanged; source verified against interval audit; not an original plotting CSV,outputs/marginal_source_diagnostic_20260927/national/source_rates_and_contrasts.csv,19902caa540210d9e8cf914dda498ad0031027f3d15ddffa9b2b870749705274,67ce00d1a1d4e52ab49c69d22e3cd490a59e2abe6c281cf01bd961bf2a6164f9
S6b_source_verified_identification_endpoint_intervals.csv,exact source-row extraction; numerical strings unchanged; source verified against interval audit; not an original plotting CSV,outputs/est_four_extensions_v1_30_20260925/environment/targeted_sum_contrast_identification_bounds.csv,aaa113e2fa4dd6afd599bf48dc289ba47206b73d68157d17a2151f6de73c580c,df8da96eff83307b2864ef19eb5c06cb0c0dd911dfe6a478265008b824acec94
