record,original_table,block,file,rows_excluding_header
C001,S1,1,tables/C001_block_01.csv,7
C002,S2,1,tables/C002_block_01.csv,6
C003,S3,1,tables/C003_block_01.csv,3
C004,S4,1,tables/C004_block_01.csv,4
C004,S4,2,tables/C004_block_02.csv,4
C004,S4,3,tables/C004_block_03.csv,4
C005,S5,1,tables/C005_block_01.csv,4
C005,S5,2,tables/C005_block_02.csv,2
C006,S6,1,tables/C006_block_01.csv,16
C007,S7,1,tables/C007_block_01.csv,1
C008,S8,1,tables/C008_block_01.csv,3
C009,S9,1,tables/C009_block_01.csv,2
C010,S10,1,tables/C010_block_01.csv,4
C010,S10,2,tables/C010_block_02.csv,4
C011,S11,1,tables/C011_block_01.csv,4
C012,S12,1,tables/C012_block_01.csv,7
C013,S13,1,tables/C013_block_01.csv,3
C013,S13,2,tables/C013_block_02.csv,11
C013,S13,3,tables/C013_block_03.csv,5
C014,S14,1,tables/C014_block_01.csv,8
C014,S14,2,tables/C014_block_02.csv,6
C015,S15,1,tables/C015_block_01.csv,3
C015,S15,2,tables/C015_block_02.csv,3
C016,S16,1,tables/C016_block_01.csv,2
C016,S16,2,tables/C016_block_02.csv,2
C016,S16,3,tables/C016_block_03.csv,3
C016,S16,4,tables/C016_block_04.csv,3
C017,S17,1,tables/C017_block_01.csv,5
C017,S17,2,tables/C017_block_02.csv,9
C018,S18,1,tables/C018_block_01.csv,4
C018,S18,2,tables/C018_block_02.csv,5
C018,S18,3,tables/C018_block_03.csv,2
C019,S19,1,tables/C019_block_01.csv,4
C019,S19,2,tables/C019_block_02.csv,8
C019,S19,3,tables/C019_block_03.csv,4
C019,S19,4,tables/C019_block_04.csv,8
C020,S20,1,tables/C020_block_01.csv,10
C020,S20,2,tables/C020_block_02.csv,10
C020,S20,3,tables/C020_block_03.csv,6
C021,S21,1,tables/C021_block_01.csv,2
C021,S21,2,tables/C021_block_02.csv,3
C022,S22,1,tables/C022_block_01.csv,3
C022,S22,2,tables/C022_block_02.csv,5
C023,S23,1,tables/C023_block_01.csv,4
C023,S23,2,tables/C023_block_02.csv,3
C024,S24,1,tables/C024_block_01.csv,4
C025,S25,1,tables/C025_block_01.csv,10
C025,S25,2,tables/C025_block_02.csv,6
C025,S25,3,tables/C025_block_03.csv,4
C025,S25,4,tables/C025_block_04.csv,3
C026,S26,1,tables/C026_block_01.csv,14
C027,S27,1,tables/C027_block_01.csv,8
C027,S27,2,tables/C027_block_02.csv,8
C028,S28,1,tables/C028_block_01.csv,8
C029,S29,1,tables/C029_block_01.csv,3
C029,S29,2,tables/C029_block_02.csv,2
C029,S29,3,tables/C029_block_03.csv,5
C030,S30,1,tables/C030_block_01.csv,3
C030,S30,2,tables/C030_block_02.csv,4
C031,S31,1,tables/C031_block_01.csv,19
C032,S32,1,tables/C032_block_01.csv,6
C032,S32,2,tables/C032_block_02.csv,18
C033,S33,1,tables/C033_block_01.csv,16
C033,S33,2,tables/C033_block_02.csv,6
C034,S34,1,tables/C034_block_01.csv,4
C034,S34,2,tables/C034_block_02.csv,10
C035,S35,1,tables/C035_block_01.csv,5
C036,S36,1,tables/C036_block_01.csv,5
C037,S37,1,tables/C037_block_01.csv,4
C038,S38,1,tables/C038_block_01.csv,16
C039,S39,1,tables/C039_block_01.csv,4
C040,S40,1,tables/C040_block_01.csv,16
C041,S41,1,tables/C041_block_01.csv,16
C042,S42,1,tables/C042_block_01.csv,10
C043,S43,1,tables/C043_block_01.csv,4
C044,S44,1,tables/C044_block_01.csv,8
C045,S45,1,tables/C045_block_01.csv,24
C046,S46,1,tables/C046_block_01.csv,15
C047,S47,1,tables/C047_block_01.csv,28
C048,S48,1,tables/C048_block_01.csv,21
C049,S49,1,tables/C049_block_01.csv,4
C049,S49,2,tables/C049_block_02.csv,2
C049,S49,3,tables/C049_block_03.csv,3
C050,S50,1,tables/C050_block_01.csv,4
C050,S50,2,tables/C050_block_02.csv,2
C050,S50,3,tables/C050_block_03.csv,6
C051,S51,1,tables/C051_block_01.csv,4
C051,S51,2,tables/C051_block_02.csv,12
C051,S51,3,tables/C051_block_03.csv,12
C051,S51,4,tables/C051_block_04.csv,12
C051,S51,5,tables/C051_block_05.csv,12
C051,S51,6,tables/C051_block_06.csv,8
C051,S51,7,tables/C051_block_07.csv,8
C051,S51,8,tables/C051_block_08.csv,8
C051,S51,9,tables/C051_block_09.csv,8
C052,S52,1,tables/C052_block_01.csv,6
C052,S52,2,tables/C052_block_02.csv,6
C052,S52,3,tables/C052_block_03.csv,6
C052,S52,4,tables/C052_block_04.csv,6
C052,S52,5,tables/C052_block_05.csv,3
C052,S52,6,tables/C052_block_06.csv,3
C052,S52,7,tables/C052_block_07.csv,3
C052,S52,8,tables/C052_block_08.csv,3
C053,S53,1,tables/C053_block_01.csv,6
C053,S53,2,tables/C053_block_02.csv,3
C053,S53,3,tables/C053_block_03.csv,3
C054,S54,1,tables/C054_block_01.csv,9
C054,S54,2,tables/C054_block_02.csv,5
C054,S54,3,tables/C054_block_03.csv,2
C055,S55,1,tables/C055_block_01.csv,6
C055,S55,2,tables/C055_block_02.csv,6
C055,S55,3,tables/C055_block_03.csv,2
C056,S56,1,tables/C056_block_01.csv,7
C056,S56,2,tables/C056_block_02.csv,4
C057,S57,1,tables/C057_block_01.csv,5
C057,S57,2,tables/C057_block_02.csv,2
C057,S57,3,tables/C057_block_03.csv,3
C057,S57,4,tables/C057_block_04.csv,4
