endpoint,unit,GW_observed,GW_predicted,GW_bias,GW_bias_lower95,GW_bias_upper95,SW_observed,SW_predicted,SW_bias,SW_bias_lower95,SW_bias_upper95,source_file,source_csv_line,source_category,estimate,lower95,upper95,plot_estimate,plot_lower95,plot_upper95,interval_source_columns,panel,row_order,plot_unit,interval_type
PFBS,percent,8.23953331797252,8.70281059851121,0.46327728053868,-0.32406603239439,1.24118382577646,10.77228114981522,7.098572452464221,-3.6737086973509996,-4.98148849130617,-2.55605697209426,marginal_diagnostic/marginal_diagnostic.csv,2,GW,0.46327728053868,-0.32406603239439,1.24118382577646,0.46327728053868,-0.32406603239439,1.24118382577646,lower95;upper95,7b,0,percentage points,pointwise paired PWS bootstrap
PFBS,percent,8.23953331797252,8.70281059851121,0.46327728053868,-0.32406603239439,1.24118382577646,10.77228114981522,7.098572452464221,-3.6737086973509996,-4.98148849130617,-2.55605697209426,marginal_diagnostic/marginal_diagnostic.csv,2,SW,-3.6737086973509996,-4.98148849130617,-2.55605697209426,-3.6737086973509996,-4.98148849130617,-2.55605697209426,lower95;upper95,7b,0,percentage points,pointwise paired PWS bootstrap
PFHpA,percent,2.3345397742150698,2.65008439980827,0.3155446255932,-0.16316327492738,0.74652259374279,2.59541869143339,1.84009406916319,-0.75532462227019,-1.23875282113343,-0.27532692641969003,marginal_diagnostic/marginal_diagnostic.csv,3,GW,0.3155446255932,-0.16316327492738,0.74652259374279,0.3155446255932,-0.16316327492738,0.74652259374279,lower95;upper95,7b,1,percentage points,pointwise paired PWS bootstrap
PFHpA,percent,2.3345397742150698,2.65008439980827,0.3155446255932,-0.16316327492738,0.74652259374279,2.59541869143339,1.84009406916319,-0.75532462227019,-1.23875282113343,-0.27532692641969003,marginal_diagnostic/marginal_diagnostic.csv,3,SW,-0.75532462227019,-1.23875282113343,-0.27532692641969003,-0.75532462227019,-1.23875282113343,-0.27532692641969003,lower95;upper95,7b,1,percentage points,pointwise paired PWS bootstrap
PFHxS,percent,4.59770917109255,5.16552285253962,0.56781368144706,-0.10383772705632999,1.19323280090808,3.88890293646654,3.49850563811304,-0.3903972983535,-1.03352646314107,0.21748753600998,marginal_diagnostic/marginal_diagnostic.csv,4,GW,0.56781368144706,-0.10383772705632999,1.19323280090808,0.56781368144706,-0.10383772705632999,1.19323280090808,lower95;upper95,7b,2,percentage points,pointwise paired PWS bootstrap
PFHxS,percent,4.59770917109255,5.16552285253962,0.56781368144706,-0.10383772705632999,1.19323280090808,3.88890293646654,3.49850563811304,-0.3903972983535,-1.03352646314107,0.21748753600998,marginal_diagnostic/marginal_diagnostic.csv,4,SW,-0.3903972983535,-1.03352646314107,0.21748753600998,-0.3903972983535,-1.03352646314107,0.21748753600998,lower95;upper95,7b,2,percentage points,pointwise paired PWS bootstrap
PFNA,percent,0.44242400785769,0.41499615424622,-0.027427853611460003,-0.17176401601041,0.09204038964392,0.07429046350099,0.23489771126655998,0.16060724776556,0.04691818217499,0.23346318483526998,marginal_diagnostic/marginal_diagnostic.csv,5,GW,-0.027427853611460003,-0.17176401601041,0.09204038964392,-0.027427853611460003,-0.17176401601041,0.09204038964392,lower95;upper95,7b,3,percentage points,pointwise paired PWS bootstrap
PFNA,percent,0.44242400785769,0.41499615424622,-0.027427853611460003,-0.17176401601041,0.09204038964392,0.07429046350099,0.23489771126655998,0.16060724776556,0.04691818217499,0.23346318483526998,marginal_diagnostic/marginal_diagnostic.csv,5,SW,0.16060724776556,0.04691818217499,0.23346318483526998,0.16060724776556,0.04691818217499,0.23346318483526998,lower95;upper95,7b,3,percentage points,pointwise paired PWS bootstrap
PFOA,percent,6.865996015117069,8.350449436697389,1.48445342158032,0.72156499259901,2.14771272333093,8.16824435000344,6.93048874030021,-1.2377556097032199,-2.01082708041544,-0.44122720540589,marginal_diagnostic/marginal_diagnostic.csv,6,GW,1.48445342158032,0.72156499259901,2.14771272333093,1.48445342158032,0.72156499259901,2.14771272333093,lower95;upper95,7b,4,percentage points,pointwise paired PWS bootstrap
PFOA,percent,6.865996015117069,8.350449436697389,1.48445342158032,0.72156499259901,2.14771272333093,8.16824435000344,6.93048874030021,-1.2377556097032199,-2.01082708041544,-0.44122720540589,marginal_diagnostic/marginal_diagnostic.csv,6,SW,-1.2377556097032199,-2.01082708041544,-0.44122720540589,-1.2377556097032199,-2.01082708041544,-0.44122720540589,lower95;upper95,7b,4,percentage points,pointwise paired PWS bootstrap
PFOS,percent,6.70431106533713,8.63778301936756,1.9334719540304202,1.17357135681234,2.67669619379519,7.38773505242269,6.25268690222429,-1.13504815019839,-1.9176408681774602,-0.35887351916744,marginal_diagnostic/marginal_diagnostic.csv,7,GW,1.9334719540304202,1.17357135681234,2.67669619379519,1.9334719540304202,1.17357135681234,2.67669619379519,lower95;upper95,7b,5,percentage points,pointwise paired PWS bootstrap
PFOS,percent,6.70431106533713,8.63778301936756,1.9334719540304202,1.17357135681234,2.67669619379519,7.38773505242269,6.25268690222429,-1.13504815019839,-1.9176408681774602,-0.35887351916744,marginal_diagnostic/marginal_diagnostic.csv,7,SW,-1.13504815019839,-1.9176408681774602,-0.35887351916744,-1.13504815019839,-1.9176408681774602,-0.35887351916744,lower95;upper95,7b,5,percentage points,pointwise paired PWS bootstrap
