cohort,condition,endpoint,quantity,estimate,lower95,upper95,finite_draws,source_file,source_csv_line,plot_estimate,plot_lower95,plot_upper95,interval_source_columns,panel,row_order,row_label,plot_unit,interval_type
national,measured,multiple,GW_rate,0.07818878440752994,0.07033950140836599,0.08656715268827149,4998,marginal_diagnostic/national/source_rates_and_contrasts.csv,44,7.818878440752994,7.033950140836599,8.65671526882715,lower95;upper95,7a,0,Measured,percent,pointwise paired PWS bootstrap
national,measured,multiple,SW_rate,0.08125868008596267,0.07256592133387217,0.09016472220884936,4998,marginal_diagnostic/national/source_rates_and_contrasts.csv,45,8.125868008596267,7.256592133387217,9.016472220884935,lower95;upper95,7a,0,Measured,percent,pointwise paired PWS bootstrap
national,retained_old,multiple,GW_rate,0.0018882912158971206,0.0009830441811045053,0.00299226177539169,4998,marginal_diagnostic/national/source_rates_and_contrasts.csv,98,0.18882912158971205,0.09830441811045053,0.299226177539169,lower95;upper95,7a,1,Older-cutoff summary,percent,pointwise paired PWS bootstrap
national,retained_old,multiple,SW_rate,0.001716294294120727,0.00026608353906978796,0.0036040450319718914,4998,marginal_diagnostic/national/source_rates_and_contrasts.csv,99,0.1716294294120727,0.026608353906978795,0.36040450319718914,lower95;upper95,7a,1,Older-cutoff summary,percent,pointwise paired PWS bootstrap
national,factorized,multiple,GW_rate,0.05021519376519134,0.04815868909158667,0.05279766989120593,4998,marginal_diagnostic/national/source_rates_and_contrasts.csv,152,5.021519376519134,4.8158689091586675,5.279766989120593,lower95;upper95,7a,2,Independent,percent,pointwise paired PWS bootstrap
national,factorized,multiple,SW_rate,0.031453564790363056,0.0296501696985334,0.03361914723200285,4998,marginal_diagnostic/national/source_rates_and_contrasts.csv,153,3.1453564790363058,2.9650169698533397,3.361914723200285,lower95;upper95,7a,2,Independent,percent,pointwise paired PWS bootstrap
national,conditional_shared_shock,multiple,GW_rate,0.09135269357480397,0.08974261353818881,0.09333916705486198,4998,marginal_diagnostic/national/source_rates_and_contrasts.csv,206,9.135269357480396,8.974261353818882,9.333916705486198,lower95;upper95,7a,3,Shared shock,percent,pointwise paired PWS bootstrap
national,conditional_shared_shock,multiple,SW_rate,0.06761019800804406,0.06592665301376432,0.06964288400140094,4998,marginal_diagnostic/national/source_rates_and_contrasts.csv,207,6.761019800804406,6.5926653013764325,6.964288400140093,lower95;upper95,7a,3,Shared shock,percent,pointwise paired PWS bootstrap
national,conditional_gaussian_factor2,multiple,GW_rate,0.0864001294008367,0.08476680645636671,0.08840514339651107,4998,marginal_diagnostic/national/source_rates_and_contrasts.csv,260,8.64001294008367,8.476680645636671,8.840514339651106,lower95;upper95,7a,4,Gaussian factor-2,percent,pointwise paired PWS bootstrap
national,conditional_gaussian_factor2,multiple,SW_rate,0.06493351134108752,0.0632590230428138,0.06696349725922829,4998,marginal_diagnostic/national/source_rates_and_contrasts.csv,261,6.493351134108752,6.325902304281381,6.696349725922829,lower95;upper95,7a,4,Gaussian factor-2,percent,pointwise paired PWS bootstrap
national,count_prior,multiple,GW_rate,0.09505259683751807,0.09327589947381454,0.09727721920751756,4998,marginal_diagnostic/national/source_rates_and_contrasts.csv,368,9.505259683751808,9.327589947381455,9.727721920751756,lower95;upper95,7a,5,Count prior,percent,pointwise paired PWS bootstrap
national,count_prior,multiple,SW_rate,0.07098905345832993,0.0692654587543929,0.07305226001620703,4998,marginal_diagnostic/national/source_rates_and_contrasts.csv,369,7.098905345832993,6.92654587543929,7.305226001620703,lower95;upper95,7a,5,Count prior,percent,pointwise paired PWS bootstrap
national,training_composition,multiple,GW_rate,0.07567424346190839,0.07361532649315188,0.07815598455349122,4998,marginal_diagnostic/national/source_rates_and_contrasts.csv,314,7.567424346190839,7.361532649315188,7.8155984553491225,lower95;upper95,7a,6,Empirical composition,percent,pointwise paired PWS bootstrap
national,training_composition,multiple,SW_rate,0.07203989845033382,0.0703796224442523,0.07405739307327296,4998,marginal_diagnostic/national/source_rates_and_contrasts.csv,315,7.203989845033382,7.0379622444252306,7.405739307327296,lower95;upper95,7a,6,Empirical composition,percent,pointwise paired PWS bootstrap
national,baseline__nonlinear,multiple,GW_rate,0.07893316942073152,0.07740679421404642,0.08078406304323549,4998,new_analysis/national/source_rates_and_contrasts.csv,98,7.8933169420731515,7.740679421404642,8.078406304323549,lower95;upper95,7a,7,"Nonlinear, no auxiliaries",percent,pointwise paired PWS bootstrap
national,baseline__nonlinear,multiple,SW_rate,0.07773423482087094,0.07616624294500955,0.07972107610640664,4998,new_analysis/national/source_rates_and_contrasts.csv,99,7.773423482087094,7.616624294500955,7.972107610640664,lower95;upper95,7a,7,"Nonlinear, no auxiliaries",percent,pointwise paired PWS bootstrap
