cohort,condition,endpoint,quantity,estimate,lower95,upper95,finite_draws,row_order,row_label,plot_estimate,plot_lower95,plot_upper95
national,measured,multiple,GW_rate,0.0781887844075299,0.0703395014083659,0.0865671526882714,4998,0,Measured,7.818878440752989,7.033950140836589,8.65671526882714
national,measured,multiple,SW_rate,0.0812586800859626,0.0725659213338721,0.0901647222088493,4998,0,Measured,8.12586800859626,7.25659213338721,9.01647222088493
national,retained_old,multiple,GW_rate,0.0018882912158971,0.0009830441811045,0.0029922617753916,4998,1,Older cutoffs,0.18882912158971,0.09830441811045001,0.29922617753916
national,retained_old,multiple,SW_rate,0.0017162942941207,0.0002660835390697,0.0036040450319718,4998,1,Older cutoffs,0.17162942941207,0.026608353906969997,0.36040450319718
national,baseline__independent,multiple,GW_rate,0.0371697011138875,0.035104580272384,0.0397045893894853,4998,2,"Logistic, none",3.71697011138875,3.5104580272384,3.97045893894853
national,baseline__independent,multiple,SW_rate,0.03745315883173,0.0357393513603072,0.0395743318097304,4998,2,"Logistic, none",3.745315883173,3.5739351360307205,3.9574331809730396
national,baseline__linear,multiple,GW_rate,0.0760711801581332,0.0743245146133724,0.0781713828902792,4998,4,"Linear, none",7.60711801581332,7.43245146133724,7.81713828902792
national,baseline__linear,multiple,SW_rate,0.0740635747228748,0.0724494562665543,0.07608700516441,4998,4,"Linear, none",7.406357472287479,7.24494562665543,7.608700516441
national,baseline__nonlinear,multiple,GW_rate,0.0789331694207315,0.0774067942140464,0.0807840630432354,4998,6,"Nonlinear, none",7.893316942073151,7.740679421404641,8.07840630432354
national,baseline__nonlinear,multiple,SW_rate,0.0777342348208709,0.0761662429450095,0.0797210761064066,4998,6,"Nonlinear, none",7.7734234820870896,7.61662429450095,7.972107610640659
national,selected3__independent,multiple,GW_rate,0.0607822406473253,0.0543869617188461,0.0669181893107528,4998,3,"Logistic, three",6.07822406473253,5.43869617188461,6.6918189310752805
national,selected3__independent,multiple,SW_rate,0.0803689801111116,0.0737041238486336,0.0871778823684197,4998,3,"Logistic, three",8.036898011111159,7.370412384863361,8.717788236841969
national,selected3__linear,multiple,GW_rate,0.0817302142757803,0.0764519144272014,0.0868817994865415,4998,5,"Linear, three",8.17302142757803,7.645191442720139,8.688179948654149
national,selected3__linear,multiple,SW_rate,0.0866841237476658,0.0814230979268641,0.0921093905272449,4998,5,"Linear, three",8.66841237476658,8.14230979268641,9.21093905272449
national,selected3__nonlinear,multiple,GW_rate,0.0795222226899188,0.0742928661998364,0.0845971285504456,4998,7,"Nonlinear, three",7.95222226899188,7.42928661998364,8.45971285504456
national,selected3__nonlinear,multiple,SW_rate,0.0930340826455396,0.087495041736239,0.0987134839620011,4998,7,"Nonlinear, three",9.30340826455396,8.7495041736239,9.87134839620011
