pair_or_group,weighting,repeat_report_fraction,ci95_lower,ci95_upper,first_location_pairs,both_location_pairs,category_order,analyte_group,x_estimate,x_error_minus,x_error_plus
PFHxA + PFPeA,location_equal,0.7379201680672268,0.7136260292183106,0.7601495101016648,1904,1405,1,Includes additional PFAS,73.79201680672269,2.429413884891618,2.2229342034437938
PFBS + PFPeA,location_equal,0.7427035330261136,0.7135451333251162,0.7704930167089344,1302,967,2,Includes additional PFAS,74.27035330261135,2.915839970099743,2.778948368282086
PFBS + PFHxA,location_equal,0.7210994341147939,0.6912019619563308,0.7523551581096185,1237,892,3,Includes additional PFAS,72.10994341147939,2.9897472158463168,3.125572399482457
PFOA + PFPeA,location_equal,0.7511150758251561,0.7184896897856546,0.7826587024908179,1121,842,4,Includes additional PFAS,75.11150758251561,3.262538603950149,3.1543626665661795
PFHxA + PFOA,location_equal,0.7583108715184187,0.7272684350588033,0.789525442809214,1113,844,5,Includes additional PFAS,75.83108715184187,3.1042436459615352,3.12145712907953
PFBS + PFOS,location_equal,0.7495164410058027,0.7150293880527614,0.7786507209766274,1034,775,6,Both in shared six,74.95164410058027,3.448705295304133,2.913427997082463
PFOA + PFOS,location_equal,0.7644183773216031,0.7300535253216475,0.7939011650702963,1023,782,7,Both in shared six,76.44183773216031,3.436485199995565,2.9482787748693173
PFOS + PFPeA,location_equal,0.7484909456740443,0.7148770882192944,0.7781534623229998,994,744,8,Includes additional PFAS,74.84909456740442,3.3613857454749874,2.9662516648955473
PFBA + PFPeA,location_equal,0.6421267893660532,0.6072110027376154,0.6767588904694167,978,628,9,Includes additional PFAS,64.21267893660531,3.491578662843775,3.4632101103363566
PFBS + PFOA,location_equal,0.7314814814814815,0.6951979192967979,0.7651088853975735,972,711,10,Both in shared six,73.14814814814815,3.628356218468365,3.362740391609198
PFHxA + PFOS,location_equal,0.7425334706488157,0.706732028171636,0.77243830472103,971,721,11,Includes additional PFAS,74.25334706488157,3.5801442477179646,2.9904834072214337
PFBA + PFHxA,location_equal,0.6357388316151202,0.5982124709639952,0.6722291428320863,873,555,12,Includes additional PFAS,63.57388316151202,3.7526360651125024,3.649031121696611
